Date,Close,Volume,anger,fear,negative,positive,sadness,trust,anticipation,joy,disgust,surprise,anticip,word_count
2012-10-03,69.860001,3106400.0,0.0,0.0,0.0,0.0,0.0,0.0,0.0,0.0,0.0,0.0,0.0,10.0
2012-10-18,74.260002,3414200.0,0.0,0.0,0.0,0.0,0.0,0.0,0.0,0.0,0.0,0.0,0.0,12.0
2012-10-23,72.82,4544900.0,0.0,0.0,0.0,0.0,0.0,0.0,0.0,0.0,0.0,0.0,0.0,5.5
2012-11-27,74.489998,5353500.0,0.0,0.0,0.0,0.0,0.0,0.0,0.0,0.0,0.0,0.0,0.0,8.0
2013-01-22,74.160004,9161900.0,0.0,0.0,0.0,0.0,0.0,0.0,0.0,0.0,0.0,0.0,0.0,9.0
2013-01-23,74.290001,7784900.0,0.0,0.0,0.0,0.0,0.0,0.0,0.0,0.0,0.0,0.0,0.0,11.333333333333334
2013-02-06,76.290001,4716600.0,0.0,0.0,0.0,0.0,0.0,0.0,0.0,0.0,0.0,0.0,0.0,7.0
2013-02-07,77.43,7773000.0,0.0,0.0,0.0,0.0,0.0,0.0,0.0,0.0,0.0,0.0,0.0,8.0
2013-02-14,74.93,3830400.0,0.0,0.0,0.0,0.0,0.0,0.0,0.0,0.0,0.0,0.0,0.0,4.5
2013-02-19,74.650002,3882500.0,0.0,0.0,0.0,0.0,0.0,0.0,0.0,0.0,0.0,0.0,0.0,5.0
2013-03-15,86.43,8205400.0,0.0,0.0,0.0,0.0,0.0,0.0,0.0,0.0,0.0,0.0,0.0,4.5
2013-03-28,85.849998,4884300.0,0.0,0.0,0.0208333333333333,0.0208333333333333,0.0,0.0,0.0208333333333333,0.0208333333333333,0.0,0.0,0.0,12.0
2013-04-02,84.089996,4764900.0,0.0,0.0,0.0,0.0,0.0,0.0,0.0,0.0,0.0,0.0,0.0,4.0
2013-04-04,84.949997,3352500.0,0.0,0.0,0.0,0.0,0.0,0.0,0.0,0.0,0.0,0.0,0.0,10.0
2013-04-19,87.959999,6322200.0,0.0,0.0,0.0,0.0,0.0,0.0,0.0,0.0,0.0,0.0,0.0,6.0
2013-04-23,88.18,3130700.0,0.0,0.0,0.0,0.0,0.0,0.0,0.0,0.0,0.0,0.0,0.0,5.0
2013-04-25,91.669998,5766100.0,0.0,0.0,0.0555555555555555,0.0,0.0277777777777777,0.0,0.0,0.0,0.0,0.0,0.0,12.0
2013-05-02,92.209999,4514800.0,0.0,0.0,0.0,0.0,0.0,0.0,0.0,0.0,0.0,0.0,0.0,12.0
2013-05-06,94.190002,5504800.0,0.0,0.0,0.0,0.0,0.0,0.0,0.0,0.0,0.0,0.0,0.0,9.0
2013-05-08,94.040001,3204300.0,0.0,0.0,0.0,0.0,0.0,0.0,0.0,0.0,0.0,0.0,0.0,9.0
2013-05-16,96.580002,5036700.0,0.0,0.0,0.0,0.0,0.0,0.0,0.0,0.0,0.0,0.0,0.0,4.0
2013-05-24,100.0,6746300.0,0.0,0.0,0.0,0.0,0.0,0.0,0.0,0.0,0.0,0.0,0.0,4.0
2013-06-10,102.239998,4047500.0,0.0,0.0,0.0,0.0,0.0,0.0,0.0,0.0,0.0,0.0,0.0,7.0
2013-06-14,101.830002,3944400.0,0.0,0.0,0.0,0.0,0.0,0.0,0.0,0.0,0.0,0.0,0.0,5.0
2013-06-17,103.029999,4217400.0,0.0,0.0,0.0,0.0,0.0,0.0,0.0,0.0,0.0,0.0,0.0,5.0
2013-07-12,101.870003,44391800.0,0.0,0.0,0.0,0.0,0.0,0.0,0.0,0.0,0.0,0.0,0.0,8.0
2013-07-15,105.660004,13169900.0,0.0,0.0,0.0166666666666666,0.0166666666666666,0.0,0.0,0.0166666666666666,0.0166666666666666,0.0,0.0,0.0,15.0
2013-07-17,104.790001,3931800.0,0.0,0.0,0.0,0.0,0.0,0.0,0.0,0.0,0.0,0.0,0.0,2.0
2013-07-18,107.629997,8046400.0,0.0,0.0,0.0,0.0,0.0,0.0,0.0,0.0,0.0,0.0,0.0,10.0
2013-07-19,106.959999,5992000.0,0.0,0.0,0.0,0.0,0.0,0.0,0.0,0.0,0.0,0.0,0.0,9.0
2013-07-22,106.860001,4168800.0,0.0,0.0,0.0,0.0,0.0,0.0,0.0,0.0,0.0,0.0,0.0,8.0
2013-07-23,107.790001,5081600.0,0.0,0.0,0.0,0.0,0.0,0.0,0.0,0.0,0.0,0.0,0.0,8.0
2013-08-06,107.040001,5199900.0,0.0,0.0,0.0555555555555555,0.0,0.0277777777777777,0.0,0.0,0.0,0.0,0.0,0.0,12.0
2013-08-07,106.419998,3158600.0,0.0,0.0,0.0,0.0,0.0,0.0,0.0,0.0,0.0,0.0,0.0,5.666666666666667
2013-08-12,104.239998,3830800.0,0.0,0.0,0.0,0.0,0.0,0.0,0.0,0.0,0.0,0.0,0.0,9.0
2013-08-14,104.160004,4481100.0,0.0,0.0,0.0,0.0,0.0,0.0,0.0,0.0,0.0,0.0,0.0,11.0
2013-08-15,102.730003,4359400.0,0.0,0.0,0.0,0.0,0.0,0.0,0.0,0.0,0.0,0.0,0.0,10.0
2013-08-16,103.470001,3469100.0,0.0,0.0,0.0,0.0,0.0,0.0,0.0,0.0,0.0,0.0,0.0,10.0
2013-09-04,106.370003,3837500.0,0.0,0.0,0.0178571428571428,0.0178571428571428,0.0,0.0,0.0178571428571428,0.0178571428571428,0.0,0.0,0.0,14.0
2013-09-06,106.07,3265200.0,0.0,0.0,0.0666666666666666,0.0,0.0,0.0,0.0,0.0,0.0,0.0,0.0,15.0
2013-09-11,109.230003,3313700.0,0.0,0.0,0.0357142857142857,0.0,0.0,0.0,0.0,0.0,0.0,0.0,0.0,9.0
2013-09-12,109.800003,4766800.0,0.0,0.0,0.0,0.0,0.0,0.0,0.0,0.0,0.0,0.0,0.0,6.5
2013-09-13,111.330002,3503400.0,0.0,0.0,0.0,0.0,0.0,0.0,0.0,0.0,0.0,0.0,0.0,7.0
2013-09-17,117.110001,5308300.0,0.0,0.0,0.0166666666666666,0.0166666666666666,0.0,0.0,0.0166666666666666,0.0166666666666666,0.0,0.0,0.0,15.0
2013-09-20,116.629997,8745400.0,0.0,0.0,0.0,0.0,0.0,0.0,0.0,0.0,0.0,0.0,0.0,7.0
2013-09-25,118.510002,3566600.0,0.0,0.0,0.0,0.0,0.0,0.0,0.0,0.0,0.0,0.0,0.0,6.0
2013-09-26,119.379997,2820400.0,0.0,0.0,0.0,0.0,0.0,0.0,0.0,0.0,0.0,0.0,0.0,4.0
2013-10-08,115.440002,4574000.0,0.0,0.0,0.01785714285714285,0.0,0.0089285714285714,0.036706349206349145,0.0,0.0,0.0,0.01388888888888885,0.0,13.0
2013-10-09,114.470001,4722200.0,0.0,0.0,0.00769230769230765,0.01538461538461535,0.0,0.0,0.00769230769230765,0.00769230769230765,0.0,0.0,0.0,11.0
2013-10-10,118.900002,5635400.0,0.0,0.0,0.01785714285714285,0.0,0.0,0.0595238095238095,0.0,0.0,0.0,0.0,0.0,13.0
2013-10-14,119.459999,3617800.0,0.0,0.0,0.0,0.0,0.0,0.0,0.0,0.0,0.0,0.0,0.0,8.0
2013-10-17,122.290001,4114200.0,0.0,0.0,0.0016806722689075599,0.0033613445378151197,0.0,0.0016806722689075599,0.0016806722689075599,0.0016806722689075599,0.0,0.0016806722689075599,0.0,8.8
2013-10-21,121.470001,3207900.0,0.0,0.0,0.0,0.0,0.0,0.0,0.0,0.0,0.0,0.0,0.0,7.5
2013-10-23,129.020004,10766300.0,0.0,0.0,0.0476190476190476,0.0,0.0238095238095238,0.0,0.0,0.0,0.0,0.0,0.0,14.0
2013-10-29,129.660004,3608700.0,0.0,0.0,0.0,0.0,0.0,0.0,0.0,0.0,0.0,0.0,0.0,6.0
2013-10-30,129.679993,4122100.0,0.0,0.0,0.0,0.0,0.0,0.0,0.0,0.0,0.0,0.0,0.0,13.0
2013-11-05,133.570007,4069200.0,0.0,0.0119047619047619,0.0238095238095238,0.0,0.0,0.0,0.0,0.0,0.0,0.0,0.0,10.0
2013-11-07,131.509995,3826800.0,0.0,0.0,0.0208333333333333,0.0,0.01041666666666665,0.0,0.0,0.0,0.0,0.0,0.0,12.0
2013-11-08,133.490005,4790900.0,0.0,0.0,0.0208333333333333,0.0208333333333333,0.0,0.0,0.0208333333333333,0.0208333333333333,0.0,0.0,0.0,12.0
2013-11-11,132.529999,2962200.0,0.0,0.0083333333333333,0.0083333333333333,0.0166666666666666,0.0,0.0083333333333333,0.0166666666666666,0.0083333333333333,0.0,0.0,0.0,15.0
2013-11-12,132.330002,2851000.0,0.0,0.0,0.0,0.0,0.0,0.0,0.0,0.0,0.0,0.0,0.0,8.0
2013-11-13,133.169998,3577100.0,0.0,0.0,0.0,0.0,0.0,0.0,0.0,0.0,0.0,0.0,0.0,6.5
2013-11-14,135.089996,3279600.0,0.0,0.0,0.0089285714285714,0.0089285714285714,0.0,0.0,0.0089285714285714,0.0089285714285714,0.0,0.0,0.0,10.0
2013-11-19,136.979996,3954000.0,0.0,0.0,0.0,0.0,0.0,0.0,0.0,0.0,0.0,0.0,0.0,7.0
2013-11-20,132.449997,8634900.0,0.0,0.0,0.0,0.0,0.0,0.0,0.0,0.0,0.0,0.0,0.0,7.0
2013-11-22,135.970001,4290200.0,0.0,0.0,0.0416666666666666,0.0416666666666666,0.0,0.0,0.0,0.0,0.0,0.0,0.0,12.0
2013-11-27,134.720001,3350900.0,0.0,0.0,0.005208333333333325,0.005208333333333325,0.0,0.0,0.005208333333333325,0.005208333333333325,0.0,0.0,0.0,9.0
2013-12-02,134.160004,3378100.0,0.0,0.0,0.0166666666666666,0.0166666666666666,0.0,0.0,0.0166666666666666,0.0166666666666666,0.0,0.0,0.0,15.0
2013-12-11,132.559998,3358300.0,0.0,0.0,0.0,0.0,0.0,0.0,0.0,0.0,0.0,0.0,0.0,9.0
2013-12-13,133.830002,3139400.0,0.0,0.0,0.0,0.0,0.0,0.0,0.0,0.0,0.0,0.0,0.0,4.0
2013-12-16,134.720001,3979500.0,0.0,0.0,0.0085470085470085,0.017094017094017,0.0,0.0085470085470085,0.017094017094017,0.017094017094017,0.0,0.0085470085470085,0.0,13.0
2013-12-23,136.399994,2945100.0,0.0,0.0,0.0769230769230769,0.0,0.0,0.0,0.0,0.0,0.0,0.0,0.0,13.0
2014-01-06,138.410004,4196500.0,0.0,0.0,0.0,0.0,0.0,0.0,0.0,0.0,0.0,0.0,0.0,8.0
2014-01-07,140.509995,4238500.0,0.0,0.0,0.10119047619047615,0.01785714285714285,0.0,0.0,0.0,0.0,0.0,0.0,0.0,10.0
2014-01-09,142.130005,4052500.0,0.0,0.0,0.0,0.0,0.0,0.0,0.0,0.0,0.0,0.0,0.0,8.0
2014-01-21,141.669998,3240600.0,0.0,0.0,0.011904761904761899,0.03754578754578753,0.0,0.0,0.0,0.0,0.0,0.0,0.0,12.333333333333334
2014-01-22,144.369995,4388700.0,0.0,0.0,0.008333333333333325,0.006249999999999987,0.002083333333333325,0.0,0.0,0.0,0.0,0.002083333333333325,0.0,8.75
2014-01-23,141.309998,4491400.0,0.0,0.0,0.04358974358974356,0.004761904761904761,0.00989010989010988,0.0,0.0,0.0,0.0,0.0,0.0,9.6
2014-01-29,129.779999,15993400.0,0.0,0.0,0.0,0.0,0.0,0.0,0.0,0.0,0.0,0.0,0.0,7.0
2014-01-30,126.529999,10406200.0,0.0,0.0,0.0,0.0,0.0,0.0,0.0,0.0,0.0,0.0,0.0,5.0
2014-02-03,123.080002,9309600.0,0.0,0.0,0.0,0.0,0.0,0.0,0.0,0.0,0.0,0.0,0.0,8.0
2014-02-05,121.400002,9689100.0,0.0142857142857142,0.0,0.0428571428571428,0.0,0.0142857142857142,0.0,0.0,0.0,0.0,0.0,0.0,14.0
2014-02-10,127.160004,8173500.0,0.0,0.0,0.0,0.0,0.0,0.0,0.0,0.0,0.0,0.0,0.0,7.0
2014-02-11,130.160004,7874000.0,0.0,0.0,0.0,0.0,0.0,0.0,0.0,0.0,0.0,0.0,0.0,6.0
2014-02-14,130.160004,4807700.0,0.0,0.0,0.0,0.0,0.0,0.0,0.0,0.0,0.0,0.0,0.0,9.0
2014-02-20,129.559998,4466400.0,0.0,0.0,0.0,0.0,0.0,0.0,0.0,0.0,0.0,0.0,0.0,10.0
2014-02-26,126.610001,4803600.0,0.0,0.0,0.0,0.0,0.0,0.0,0.0,0.0,0.0,0.0,0.0,6.0
2014-02-28,128.919998,4361400.0,0.0,0.0,0.0270833333333333,0.01041666666666665,0.01666666666666665,0.01041666666666665,0.0,0.0,0.0,0.01041666666666665,0.0,13.5
2014-03-06,128.860001,3595900.0,0.0,0.0,0.0357142857142857,0.0,0.0,0.0,0.0,0.0,0.0,0.0,0.0,14.0
2014-03-07,128.539993,4297800.0,0.0,0.0,0.0,0.0256410256410256,0.0,0.0256410256410256,0.0,0.0,0.0,0.0256410256410256,0.0,13.0
2014-03-10,126.889999,7039200.0,0.0,0.0,0.0416666666666666,0.0,0.0,0.0416666666666666,0.0,0.0,0.0,0.0,0.0,12.0
2014-03-17,125.419998,4380500.0,0.0,0.0,0.0208333333333333,0.0208333333333333,0.0,0.0,0.0208333333333333,0.0208333333333333,0.0,0.0,0.0,12.0
2014-03-18,124.040001,4151600.0,0.0208333333333333,0.0,0.0,0.0208333333333333,0.0,0.0,0.0208333333333333,0.0208333333333333,0.0,0.0,0.0,12.0
2014-03-25,124.019997,3225100.0,0.0,0.00769230769230765,0.00769230769230765,0.00769230769230765,0.0,0.00769230769230765,0.0,0.00769230769230765,0.0,0.0,0.0,8.5
2014-04-01,128.210007,3952800.0,0.0,0.0,0.0,0.0,0.0,0.0,0.0,0.0,0.0,0.0,0.0,5.0
2014-04-16,126.040001,2826100.0,0.0,0.0,0.04166666666666665,0.0,0.0,0.0,0.0,0.0,0.0,0.0,0.0,10.0
2014-04-22,127.550003,5015600.0,0.0,0.0,0.0,0.0,0.0,0.0,0.0,0.0,0.0,0.0,0.0,8.0
2014-05-02,129.940002,3762900.0,0.0,0.0,0.0,0.0,0.0,0.0,0.0,0.0,0.0,0.0,0.0,7.0
2014-05-22,131.839996,2370700.0,0.0,0.0,0.0,0.0,0.0,0.0,0.0,0.0,0.0,0.0,0.0,12.0
2014-05-27,134.169998,3085500.0,0.0,0.0,0.0,0.0,0.0,0.0,0.0,0.0,0.0,0.0,0.0,12.0
2014-06-25,127.059998,7929700.0,0.0,0.0,0.0,0.0,0.0,0.0,0.0,0.0,0.0,0.0,0.0,10.0
2014-07-01,128.149994,3772500.0,0.0,0.0,0.0,0.0,0.0,0.0,0.0,0.0,0.0,0.0,0.0,4.0
2014-07-17,125.879997,5292900.0,0.0,0.0,0.0,0.0,0.0,0.0,0.1111111111111111,0.0,0.0,0.0,0.0,9.0
2014-07-28,123.059998,4982400.0,0.0,0.0,0.0,0.0,0.0,0.0,0.0,0.0,0.0,0.0,0.0,7.0
2014-08-11,120.800003,2807900.0,0.0,0.0,0.0,0.0,0.0,0.0,0.0,0.0,0.0,0.0,0.0,7.0
2014-08-13,121.980003,2641100.0,0.0,0.0,0.0,0.0,0.0,0.0,0.0,0.0,0.0,0.0,0.0,5.0
2014-08-14,124.110001,4825100.0,0.0,0.0,0.0,0.0,0.0,0.0,0.0,0.0,0.0,0.0,0.0,6.0
2014-08-28,127.110001,3070300.0,0.0151515151515151,0.0151515151515151,0.0151515151515151,0.0,0.0151515151515151,0.0,0.0,0.0,0.0151515151515151,0.0151515151515151,0.0,11.0
2014-09-15,126.309998,3261700.0,0.0357142857142857,0.0357142857142857,0.0357142857142857,0.0,0.0357142857142857,0.0,0.0,0.0,0.0,0.0,0.0,7.0
2014-09-23,127.379997,2963100.0,0.0,0.0,0.0,0.025,0.0,0.025,0.025,0.025,0.0,0.0,0.0,10.0
2014-09-29,128.770004,3484900.0,0.0,0.0,0.0,0.0153846153846153,0.0,0.0153846153846153,0.0153846153846153,0.0153846153846153,0.0,0.0153846153846153,0.0,13.0
2014-10-02,124.169998,3204500.0,0.0,0.0,0.0,0.0,0.0,0.0,0.0,0.0,0.0,0.0,0.0,2.0
2014-10-20,124.309998,3676300.0,0.0,0.0,0.033333333333333326,0.005681818181818175,0.0125,0.005681818181818175,0.005681818181818175,0.005681818181818175,0.0,0.0,0.0,9.75
2014-10-21,127.120003,5204500.0,0.0,0.0,0.0,0.0,0.0,0.0,0.0,0.0,0.0,0.0,0.0,2.0
2014-10-22,121.449997,13844400.0,0.0,0.0,0.0,0.02,0.0,0.02,0.02,0.02,0.0,0.02,0.0,10.0
2014-10-27,122.120003,2940300.0,0.0,0.0,0.0,0.0,0.0,0.0,0.0,0.0,0.0,0.0,0.0,10.0
2014-10-28,123.610001,4159000.0,0.0,0.0,0.0,0.03125,0.0,0.03125,0.03125,0.03125,0.0,0.0,0.0,8.0
2014-10-29,123.080002,3241700.0,0.0,0.0,0.0,0.125,0.0,0.0,0.0,0.0,0.0,0.0,0.0,8.0
2014-11-07,124.449997,2366700.0,0.0,0.0,0.0,0.0,0.0,0.0,0.0,0.0,0.0,0.0,0.0,6.0
2014-11-12,125.870003,3075000.0,0.0,0.0,0.0,0.0,0.0,0.0,0.0,0.0,0.0,0.0,0.0,5.0
2014-11-14,128.860001,6235600.0,0.0,0.0,0.0769230769230769,0.0,0.0,0.0,0.0,0.0,0.0,0.0,0.0,13.0
2014-11-18,130.660004,5701200.0,0.0,0.02,0.04,0.0111111111111111,0.04,0.0111111111111111,0.0111111111111111,0.0111111111111111,0.0,0.0111111111111111,0.0,7.0
2014-11-20,131.699997,4052800.0,0.0,0.0,0.0,0.0,0.0,0.0,0.0,0.0,0.0,0.0,0.0,8.0
2014-12-03,131.970001,4627500.0,0.0,0.0185185185185185,0.0,0.037037037037037,0.0,0.0185185185185185,0.0185185185185185,0.0185185185185185,0.0,0.0,0.0,9.0
2014-12-10,124.639999,6651700.0,0.0,0.0,0.0,0.0,0.0,0.0,0.0,0.0,0.0,0.0,0.0,2.0
2014-12-12,120.769997,6661100.0,0.0111111111111111,0.0111111111111111,0.0111111111111111,0.0111111111111111,0.0111111111111111,0.0111111111111111,0.0111111111111111,0.0111111111111111,0.0111111111111111,0.0111111111111111,0.0,9.0
2014-12-17,125.059998,6726500.0,0.0,0.0,0.0,0.0285714285714285,0.0,0.0285714285714285,0.0285714285714285,0.0285714285714285,0.0,0.0285714285714285,0.0,7.0
2014-12-22,128.220001,3189300.0,0.0,0.0,0.0,0.0,0.0,0.0,0.0,0.0,0.0,0.0,0.0,7.0
2014-12-23,130.029999,4028900.0,0.0,0.0,0.0,0.0,0.0,0.0,0.0,0.0,0.0,0.0,0.0,12.0
2015-01-13,131.169998,3441700.0,0.0,0.0,0.0,0.0,0.0,0.0,0.0,0.0,0.0,0.0,0.0,7.0
2015-01-20,131.220001,3143700.0,0.0,0.0,0.0,0.0,0.0,0.0625,0.0625,0.0,0.0,0.0,0.0,8.0
2015-01-22,135.639999,4971300.0,0.0,0.0,0.0,0.0,0.0,0.0,0.0,0.0,0.0,0.0,0.0,10.0
2015-01-23,134.619995,3828300.0,0.0222222222222222,0.0,0.0222222222222222,0.0,0.0,0.0222222222222222,0.0,0.0,0.0222222222222222,0.0222222222222222,0.0,9.0
2015-01-27,132.479996,5243900.0,0.0,0.0,0.0,0.0,0.0,0.0,0.0,0.0,0.0,0.0,0.0,7.0
2015-01-28,139.639999,14355100.0,0.0,0.0,0.0,0.0,0.0,0.0,0.0,0.0,0.0,0.0,0.0,10.0
2015-01-30,145.369995,11271100.0,0.0,0.0,0.0,0.0303030303030303,0.0,0.0303030303030303,0.0303030303030303,0.0,0.0,0.0,0.0,11.0
2015-02-09,147.580002,4202900.0,0.01,0.01,0.01,0.01,0.0,0.0,0.01,0.0,0.0,0.0,0.0,8.0
2015-02-11,147.919998,3272700.0,0.0,0.0125,0.025,0.0,0.0,0.0,0.0125,0.0,0.0,0.0,0.0,10.0
2015-02-12,148.089996,2998900.0,0.0,0.0,0.0454545454545454,0.0454545454545454,0.0,0.0,0.0,0.0,0.0,0.0,0.0,11.0
2015-02-26,151.729996,5149300.0,0.0,0.0,0.0,0.0,0.0,0.1,0.0,0.0,0.0,0.0,0.0,10.0
2015-03-02,153.800003,4622800.0,0.0,0.0,0.0,0.03125,0.0,0.0625,0.0,0.03125,0.0,0.0,0.0,8.0
2015-03-04,154.350006,4476200.0,0.0,0.0,0.0,0.0,0.0,0.0,0.0,0.0,0.0,0.0,0.0,8.0
2015-03-10,152.419998,3839600.0,0.0,0.0,0.0555555555555555,0.0,0.0555555555555555,0.0555555555555555,0.0,0.0,0.0,0.0,0.0,6.0
2015-03-12,152.039993,2965100.0,0.0,0.0,0.0,0.1,0.0,0.0,0.0,0.0,0.0,0.0,0.0,10.0
2015-03-18,155.729996,4053600.0,0.0,0.0,0.0,0.05,0.0,0.0,0.0,0.0,0.0,0.0,0.0,9.5
2015-03-19,154.110001,2539000.0,0.0129870129870129,0.0259740259740259,0.0259740259740259,0.0,0.0129870129870129,0.0,0.0,0.0,0.0129870129870129,0.0,0.0,11.0
2015-03-23,152.809998,3029700.0,0.0,0.0,0.0,0.02,0.0,0.01,0.01,0.01,0.0,0.0,0.0,9.0
2015-03-26,148.169998,3627400.0,0.0,0.0,0.0,0.03125,0.0,0.03125,0.0625,0.0,0.0,0.0,0.0,8.0
2015-03-31,150.080002,2975600.0,0.0,0.0,0.0,0.0,0.0,0.0,0.0,0.0,0.0,0.0,0.0,8.5
2015-04-02,149.279999,2934200.0,0.0,0.0,0.04545454545454545,0.0,0.0,0.0625,0.0,0.0,0.0,0.0,0.0,9.5
2015-04-17,149.600006,4671600.0,0.0,0.0,0.0,0.0625,0.0,0.0625,0.0,0.0,0.0,0.0,0.0,8.0
2015-04-20,152.669998,3169100.0,0.0333333333333333,0.0,0.0333333333333333,0.0,0.0,0.0,0.0,0.0,0.0,0.0,0.0,15.0
2015-04-21,153.330002,3772900.0,0.0,0.0,0.0,0.0,0.0,0.0,0.0,0.0,0.0,0.0,0.0,6.5
2015-04-22,151.190002,8468900.0,0.0,0.0,0.0,0.013888888888888867,0.0,0.009259259259259233,0.0046296296296296,0.0046296296296296,0.0,0.0046296296296296,0.0,8.333333333333334
2015-04-23,149.869995,4080800.0,0.0,0.0,0.0,0.0555555555555555,0.0,0.0555555555555555,0.0,0.0,0.0,0.0,0.0,9.0
2015-04-29,146.149994,4761700.0,0.0,0.0,0.0,0.0,0.0,0.0,0.0,0.0,0.0,0.0,0.0,7.0
2015-05-04,144.020004,8977500.0,0.0,0.0,0.0,0.0,0.0,0.0,0.0,0.0,0.0,0.0,0.0,5.0
2015-05-05,142.910004,3670400.0,0.0071428571428571,0.0071428571428571,0.0071428571428571,0.0071428571428571,0.0071428571428571,0.0071428571428571,0.0,0.0,0.0071428571428571,0.0,0.0,9.0
2015-05-07,141.490005,4868700.0,0.0142857142857142,0.0142857142857142,0.0142857142857142,0.0142857142857142,0.0142857142857142,0.0142857142857142,0.0,0.0,0.0142857142857142,0.0,0.0,10.0
2015-05-08,145.460007,7068000.0,0.0,0.0,0.0,0.0,0.0,0.0,0.0,0.0,0.0,0.0,0.0,5.5
2015-05-20,146.419998,2104000.0,0.0,0.0,0.0,0.09166666666666665,0.0,0.0,0.0,0.0,0.0,0.0,0.0,11.0
2015-05-27,143.0,2837100.0,0.0,0.0,0.0,0.0,0.0,0.0,0.0,0.0,0.0,0.0,0.0,7.0
2015-06-26,142.479996,3153300.0,0.0,0.0,0.0555555555555555,0.0,0.0555555555555555,0.0,0.0,0.0,0.0,0.0,0.0,9.0
2015-07-09,142.800003,2486800.0,0.0,0.0,0.0,0.0,0.0,0.0,0.0,0.0,0.0,0.0,0.0,8.0
2015-07-20,146.720001,3016100.0,0.0,0.0,0.0,0.0,0.0,0.0,0.0,0.0,0.0,0.0,0.0,9.0
2015-07-27,141.029999,3532100.0,0.0,0.0,0.0,0.125,0.0,0.0,0.0,0.0,0.0,0.0,0.0,8.0
2015-08-06,143.820007,2457000.0,0.0,0.0,0.0,0.0222222222222222,0.0,0.0222222222222222,0.0222222222222222,0.0222222222222222,0.0,0.0222222222222222,0.0,9.0
2015-08-17,144.440002,3746000.0,0.0,0.0,0.0,0.0,0.0,0.1428571428571428,0.0,0.0,0.0,0.0,0.0,7.0
2015-09-11,134.669998,2628200.0,0.0,0.037037037037037,0.037037037037037,0.0,0.037037037037037,0.0,0.0,0.0,0.0,0.0,0.0,9.0
2015-10-12,140.679993,1942200.0,0.0,0.0,0.0,0.0,0.0,0.0,0.0,0.0,0.0,0.0,0.0,6.0
2015-10-13,140.289993,2339700.0,0.0,0.0,0.0,0.0181818181818181,0.0,0.0181818181818181,0.0181818181818181,0.0181818181818181,0.0,0.0181818181818181,0.0,11.0
2015-10-20,138.880005,4202600.0,0.0,0.0,0.0,0.0,0.0,0.0,0.0,0.0,0.0,0.0,0.0,8.0
2015-10-21,141.190002,8927200.0,0.0,0.0,0.0,0.0,0.0,0.0,0.0,0.0,0.0,0.0,0.0,7.0
2015-10-22,146.309998,6976300.0,0.0,0.0,0.0,0.0,0.0,0.0,0.0,0.0,0.0,0.0,0.0,6.0
2015-10-27,148.460007,3411300.0,0.0,0.0,0.0185185185185185,0.0101010101010101,0.0185185185185185,0.005050505050505034,0.005050505050505034,0.005050505050505034,0.0,0.005050505050505034,0.0,8.0
2015-10-28,147.880005,4408300.0,0.0,0.0,0.0,0.0909090909090909,0.0,0.0,0.0,0.0,0.0,0.0,0.0,11.0
2015-10-30,148.070007,3938000.0,0.0,0.0,0.0,0.0,0.0,0.0,0.0,0.0,0.0,0.0,0.0,6.0
2015-11-12,142.539993,3796800.0,0.0,0.0,0.0,0.0,0.0,0.0,0.0,0.0,0.0,0.0,0.0,8.0
2015-11-19,149.240005,2492600.0,0.0,0.0,0.0,0.0,0.0,0.0,0.0,0.0,0.0,0.0,0.0,11.0
2015-12-14,143.0,4845000.0,0.0,0.0,0.0,0.0,0.0,0.0,0.0,0.0,0.0,0.0,0.0,7.0
2015-12-15,146.529999,4705300.0,0.0,0.0,0.0,0.05,0.0,0.05,0.0,0.0,0.0,0.0,0.0,10.0
2016-01-11,130.210007,5551500.0,0.0,0.0,0.0,0.0625,0.0,0.0625,0.0,0.0,0.0,0.0,0.0,8.0
2016-01-14,129.199997,6517800.0,0.0,0.0,0.0,0.0,0.0,0.0,0.0,0.0,0.0,0.0,0.0,4.0
2016-01-19,126.059998,5478900.0,0.0,0.0,0.0,0.0,0.0,0.0,0.0,0.0,0.0,0.0,0.0,8.0
2016-01-20,122.139999,7636600.0,0.0079365079365079,0.0079365079365079,0.0317460317460317,0.0,0.0158730158730158,0.0,0.0,0.0,0.0,0.0079365079365079,0.0,14.0
2016-01-26,128.009995,5432600.0,0.0,0.0,0.0,0.0,0.0,0.0,0.0,0.0,0.0,0.0,0.0,11.0
2016-02-04,123.610001,5837000.0,0.0,0.0,0.0,0.0,0.0,0.0,0.0,0.0,0.0,0.0,0.0,11.0
2016-02-11,108.440002,33735600.0,0.0,0.0,0.0,0.1,0.0,0.0,0.0,0.0,0.0,0.0,0.0,10.0
2016-02-16,112.599998,7587700.0,0.0,0.0,0.0,0.01428571428571425,0.0,0.01428571428571425,0.01428571428571425,0.01428571428571425,0.0,0.01428571428571425,0.0,9.5
2016-02-17,116.339996,6619600.0,0.0,0.0,0.0,0.0,0.0,0.0,0.03333333333333333,0.0,0.0,0.0,0.0,11.0
2016-02-18,117.57,6489000.0,0.0,0.0,0.0175480769230769,0.030494505494505452,0.0175480769230769,0.007417582417582376,0.007417582417582376,0.00549450549450545,0.0019230769230769,0.00549450549450545,0.0,11.25
2016-02-22,117.389999,4930300.0,0.0,0.0,0.0,0.0,0.0,0.0,0.0,0.0,0.0,0.0,0.0,8.0
2016-02-29,118.18,4569700.0,0.0,0.0,0.0,0.0,0.0,0.0,0.0,0.0,0.0,0.0,0.0,8.0
2016-03-02,119.650002,4292500.0,0.0,0.0,0.0357142857142857,0.0714285714285714,0.0,0.0,0.0,0.0,0.0,0.0,0.0,10.5
2016-03-15,126.360001,3717500.0,0.0,0.0,0.0,0.0,0.0,0.0,0.0,0.0,0.0,0.0,0.0,6.0
2016-03-24,132.119995,4573100.0,0.0,0.0,0.0,0.0,0.0,0.0625,0.0625,0.0,0.0,0.0,0.0,8.0
2016-04-06,127.93,3998000.0,0.0,0.0208333333333333,0.0208333333333333,0.01428571428571425,0.03511904761904755,0.0,0.01428571428571425,0.01428571428571425,0.0,0.01428571428571425,0.0,7.5
2016-04-18,131.970001,3056000.0,0.0,0.0,0.0,0.0,0.0,0.0,0.0,0.0,0.0,0.0,0.0,9.0
2016-04-19,132.679993,2931000.0,0.0,0.0,0.0,0.0,0.0,0.0,0.0,0.0,0.0,0.0,0.0,11.0
2016-04-28,134.800003,4938800.0,0.0,0.0,0.0,0.0,0.0,0.0,0.0,0.0,0.0,0.0,0.0,6.0
2016-04-29,134.800003,3716700.0,0.0,0.0,0.0,0.0,0.0,0.0,0.0,0.0,0.0,0.0,0.0,7.0
2016-05-03,132.490005,4028700.0,0.0,0.0,0.0,0.0,0.0,0.0,0.0,0.0,0.0,0.0,0.0,6.0
2016-05-06,133.259995,2466000.0,0.0,0.0,0.0,0.0,0.0,0.0,0.0,0.0,0.0,0.0,0.0,8.0
2016-05-09,132.100006,3431100.0,0.0,0.0,0.0,0.1428571428571428,0.0,0.0,0.0,0.0,0.0,0.0,0.0,7.0
2016-05-10,134.720001,3382700.0,0.0,0.0,0.0,0.0,0.0,0.0,0.0,0.0,0.0,0.0,0.0,8.0
2016-05-19,128.080002,5061600.0,0.0,0.0,0.0,0.05,0.0,0.05,0.0,0.0,0.0,0.0,0.0,10.0
2016-05-31,126.150002,6894400.0,0.0,0.0,0.0,0.0208333333333333,0.0,0.0,0.0208333333333333,0.0,0.0,0.0,0.0,11.5
2016-06-01,126.410004,4679600.0,0.0,0.0,0.0,0.0,0.0,0.0,0.0,0.0,0.0,0.0,0.0,10.0
2016-06-02,126.849998,4802100.0,0.0,0.0,0.0,0.0,0.0,0.0,0.0,0.0,0.0,0.0,0.0,9.0
2016-06-07,131.929993,4424000.0,0.0,0.0,0.0227272727272727,0.0111111111111111,0.0227272727272727,0.0111111111111111,0.0111111111111111,0.0111111111111111,0.0,0.0111111111111111,0.0,10.0
2016-06-09,133.100006,3811200.0,0.0,0.0,0.0,0.0,0.0,0.0,0.0,0.0,0.0,0.0,0.0,8.0
2016-06-14,130.5,3717000.0,0.0,0.0,0.05555555555555555,0.0,0.0,0.0,0.0,0.0,0.0,0.0,0.0,8.5
2016-06-20,132.75,4331900.0,0.0092592592592592,0.0092592592592592,0.0092592592592592,0.0185185185185185,0.0,0.0092592592592592,0.0277777777777777,0.0,0.0,0.0,0.0,12.0
2016-06-23,133.550003,4113900.0,0.0555555555555555,0.0,0.0555555555555555,0.0,0.0,0.0,0.0,0.0,0.0,0.0,0.0,9.0
2016-07-05,126.970001,4829400.0,0.0,0.0,0.0,0.0,0.0,0.0,0.0,0.0,0.0,0.0,0.0,8.0
2016-07-11,132.039993,3929900.0,0.0,0.0,0.0,0.0,0.0,0.0,0.0,0.0,0.0,0.0,0.0,9.5
2016-07-12,130.809998,4318400.0,0.0,0.0,0.0,0.0,0.0,0.0,0.0,0.0,0.0,0.0,0.0,9.0
2016-07-18,133.429993,3338400.0,0.0,0.0,0.0,0.0,0.0,0.0,0.0,0.0,0.0,0.0,0.0,9.5
2016-07-19,134.660004,3390000.0,0.0,0.0,0.0,0.012345679012345666,0.0,0.012345679012345666,0.012345679012345666,0.0,0.0,0.0,0.0,8.333333333333334
2016-07-27,135.960007,5661700.0,0.0,0.0,0.0,0.0,0.0,0.0,0.0,0.0,0.0,0.0,0.0,10.0
2016-07-28,133.009995,5142400.0,0.0,0.0,0.0,0.0,0.0,0.0,0.0,0.0,0.0,0.0,0.0,8.0
2016-07-29,133.660004,3559100.0,0.0185185185185185,0.0185185185185185,0.0185185185185185,0.0185185185185185,0.0185185185185185,0.0,0.0,0.0,0.0185185185185185,0.0,0.0,9.0
2016-08-01,133.210007,3067300.0,0.0,0.0,0.0,0.0,0.0,0.0,0.0,0.0,0.0,0.0,0.0,6.0
2016-08-03,131.869995,2359300.0,0.0,0.0,0.0,0.0,0.0,0.0,0.0,0.0,0.0,0.0,0.0,12.0
2016-08-05,131.729996,3119500.0,0.0,0.0,0.0,0.0,0.0,0.0,0.0,0.0,0.0,0.0,0.0,10.0
2016-08-12,133.100006,2522600.0,0.0,0.0,0.0,0.1,0.0,0.0,0.0,0.0,0.0,0.0,0.0,10.0
2016-08-16,135.0,2759200.0,0.0181818181818181,0.0181818181818181,0.0363636363636363,0.0,0.0,0.0,0.0,0.0,0.0,0.0181818181818181,0.0,11.0
2016-08-23,134.139999,3481900.0,0.0,0.0,0.0,0.0,0.0,0.0,0.0,0.0,0.0,0.0,0.0,8.5
2016-08-24,133.289993,2135900.0,0.0,0.0,0.0,0.0,0.0,0.0,0.0,0.0,0.0,0.0,0.0,9.0
2016-09-01,129.899994,2807200.0,0.0,0.0,0.0,0.0,0.0,0.0,0.0,0.0,0.0,0.0,0.0,4.0
2016-09-07,132.639999,2198700.0,0.0,0.0,0.0,0.0,0.0,0.0,0.0,0.0,0.0,0.0,0.0,9.0
2016-09-14,127.669998,3955400.0,0.0,0.0,0.0,0.0,0.0,0.0,0.0,0.0,0.0,0.0,0.0,11.0
2016-09-15,127.769997,3462400.0,0.0,0.00625,0.00625,0.05625,0.0,0.0125,0.00625,0.00625,0.0,0.00625,0.0,10.0
2016-09-16,126.699997,8035600.0,0.0,0.0,0.0,0.0166666666666666,0.0,0.0333333333333333,0.0166666666666666,0.0166666666666666,0.0,0.0166666666666666,0.0,10.0
2016-09-20,127.790001,2639300.0,0.0,0.0,0.0,0.0,0.0,0.0,0.0,0.0,0.0,0.0,0.0,10.0
2016-09-23,131.779999,2330700.0,0.0,0.0,0.0,0.0111111111111111,0.0,0.016666666666666632,0.0,0.0,0.0,0.0,0.0,10.666666666666666
2016-09-26,130.570007,2219900.0,0.0,0.0,0.0,0.0,0.0,0.0,0.0,0.0,0.0,0.0,0.0,14.0
2016-09-27,131.320007,1939000.0,0.0,0.0,0.0,0.0,0.0,0.0,0.0,0.0,0.0,0.0,0.0,10.0
2016-09-28,132.229996,1773000.0,0.0,0.0,0.0,0.0,0.0,0.0,0.0,0.0,0.0,0.0,0.0,7.0
2016-09-29,131.029999,2199400.0,0.0,0.0,0.0,0.0,0.0,0.0,0.0,0.0,0.0,0.0,0.0,9.0
2016-09-30,131.740005,3118900.0,0.0,0.0,0.0,0.0,0.0,0.0,0.0,0.0,0.0,0.0,0.0,7.0
2016-10-03,132.380005,2439400.0,0.0,0.0,0.0,0.0,0.0,0.0,0.0,0.0,0.0,0.0,0.0,10.5
2016-10-04,132.25,2829200.0,0.0,0.0,0.0,0.0,0.0,0.0,0.0,0.0,0.0,0.0,0.0,9.0
2016-10-05,134.660004,3137500.0,0.0,0.0,0.0,0.0,0.0,0.0,0.0,0.0,0.0,0.0,0.0,15.0
2016-10-06,134.419998,3614900.0,0.0,0.0,0.0,0.0,0.0,0.0,0.0,0.0,0.0,0.0,0.0,19.0
2016-10-07,133.850006,4302000.0,0.0,0.0,0.0,0.0,0.0,0.0,0.0,0.0,0.0,0.0,0.0,12.5
2016-10-10,135.839996,3343300.0,0.0,0.0,0.0,0.0,0.0,0.0,0.0,0.0,0.0,0.0,0.0,8.0
2016-10-11,133.740005,3607300.0,0.0,0.0,0.0,0.0,0.0,0.0,0.0,0.0,0.0,0.0,0.0,13.0
2016-10-12,133.160004,2264200.0,0.0,0.0,0.0,0.0,0.0,0.0,0.0,0.0,0.0,0.0,0.0,6.0
2016-10-13,133.380005,3544200.0,0.0,0.0,0.0256410256410256,0.0128205128205128,0.0,0.0,0.0,0.0,0.0,0.0,0.0,10.5
2016-10-17,134.0,2435100.0,0.0,0.0,0.0,0.005208333333333331,0.0,0.0,0.0,0.0,0.0,0.0,0.0,12.0
2016-10-18,135.10000600000006,2271000.0,0.0,0.0,0.0,0.0,0.0,0.0,0.0,0.0,0.0,0.0,0.0,10.266666666666667
2016-10-19,136.179993,2265900.0,0.0,0.0,0.0,0.0,0.0,0.0,0.0,0.0,0.0,0.0,0.0,15.5
2016-10-20,135.839996,2539700.0,0.0,0.0,0.0,0.0,0.0,0.0,0.0,0.0,0.0,0.0,0.0,11.0
2016-10-21,135.630005,2205000.0,0.0,0.0,0.0,0.0,0.0,0.0,0.0,0.0,0.0,0.0,0.0,8.0
2016-10-24,137.449997,3814200.0,0.0,0.0,0.0,0.0,0.0,0.0,0.0,0.0,0.0,0.0,0.0,8.0
2016-10-25,139.020004,5209100.0,0.00606060606060606,0.0,0.00606060606060606,0.0,0.0,0.0,0.0,0.0,0.00606060606060606,0.0,0.0,11.0
2016-10-26,145.539993,13272000.0,0.0,0.0,0.0,0.0,0.0,0.0,0.0,0.0,0.0,0.0,0.0,14.8
2016-10-27,143.309998,7857100.0,0.0,0.0,0.0,0.0,0.0,0.022727272727272724,0.0,0.0,0.0,0.0,0.0,10.0
2016-11-01,142.410004,3245000.0,0.0,0.0,0.0,0.0,0.0,0.0,0.0,0.0,0.0,0.0,0.0,11.0
2016-11-03,140.020004,2280800.0,0.0,0.0,0.0,0.03125,0.0,0.0,0.03125,0.0,0.0,0.0,0.0,9.5
2016-11-04,139.539993,2951500.0,0.0,0.0,0.0,0.0,0.0,0.0,0.0,0.0,0.0,0.0,0.0,15.0
2016-11-07,143.029999,3228200.0,0.0,0.0,0.0,0.0,0.0,0.0,0.0,0.0,0.0,0.0,0.0,20.0
2016-11-09,145.089996,5494400.0,0.0,0.0,0.0,0.0,0.0,0.0,0.0,0.0,0.0,0.0,0.0,9.0
2016-11-10,147.69000200000002,6508300.0,0.0,0.0,0.0,0.0,0.0,0.0,0.0,0.0,0.0,0.0,0.0,11.285714285714286
2016-11-11,148.520004,3585200.0,0.0,0.0,0.0,0.0,0.0,0.0,0.0,0.0,0.0,0.0,0.0,7.0
2016-11-14,149.990005,4490900.0,0.0,0.0125,0.0,0.0125,0.0,0.0,0.0,0.0125,0.0,0.0125,0.0,11.0
2016-11-15,148.110001,3856600.0,0.0,0.0,0.0,0.0,0.0,0.0,0.0,0.0,0.0,0.0,0.0,15.5
2016-11-16,146.440002,3559700.0,0.0,0.0,0.0,0.0,0.0,0.0,0.0,0.0,0.0,0.04545454545454545,0.0,12.5
2016-11-17,145.330002,3656100.0,0.0,0.0,0.0,0.0,0.0,0.0,0.0,0.0,0.0,0.0,0.0,12.0
2016-11-21,147.020004,2825900.0,0.0,0.0,0.0,0.0,0.0,0.0,0.0,0.0,0.0,0.0,0.0,13.0
2016-11-22,149.520004,3770000.0,0.0,0.0,0.0,0.0,0.0,0.0,0.0,0.0,0.0,0.0,0.0,13.0
2016-11-23,149.740005,2857500.0,0.0,0.0,0.0,0.0,0.0,0.0,0.0,0.0,0.0,0.0,0.0,11.0
2016-11-28,149.770004,4728800.0,0.0,0.0,0.0,0.0,0.0,0.0,0.0,0.0,0.0,0.0,0.0,4.0
2016-11-29,151.639999,3945600.0,0.0,0.0,0.0,0.0,0.0,0.0,0.0,0.0,0.0,0.0,0.0,12.5
2016-11-30,150.559998,3991000.0,0.0,0.0,0.0,0.0,0.0,0.0,0.0,0.0,0.0,0.0,0.0,13.333333333333334
2016-12-01,152.389999,2843900.0,0.0,0.0,0.0,0.0,0.0,0.0,0.0,0.0,0.0,0.0,0.0,19.5
2016-12-05,152.160004,2855900.0,0.0,0.0,0.0,0.0,0.0,0.0,0.0,0.0,0.0,0.0,0.0,9.0
2016-12-07,154.139999,2955800.0,0.0,0.0,0.0,0.0,0.0,0.0,0.0,0.0,0.0,0.0,0.0,8.0
2016-12-08,155.389999,2928400.0,0.0,0.0,0.0,0.0,0.0,0.0,0.0,0.0,0.0,0.0,0.0,12.0
2016-12-09,156.490005,2707900.0,0.0,0.0,0.0,0.0,0.0,0.0,0.0,0.0,0.0,0.0,0.0,9.0
2016-12-13,156.660004,5650400.0,0.00416666666666665,0.003787878787878775,0.011742424242424224,0.0089962121212121,0.0,0.013162878787878751,0.0089962121212121,0.005208333333333325,0.0,0.0,0.0,15.5
2016-12-14,154.470001,3640200.0,0.0,0.0,0.0,0.0,0.0,0.0,0.0,0.0,0.0,0.0,0.0,5.0
2016-12-15,153.770004,2889300.0,0.0,0.0,0.0,0.0,0.0,0.01041666666666665,0.0,0.0,0.0,0.01041666666666665,0.0,13.75
2016-12-20,156.389999,2270100.0,0.0,0.0,0.0,0.0,0.0,0.0,0.0,0.0,0.0,0.0,0.0,8.0
2016-12-21,157.479996,2326000.0,0.0,0.0,0.0,0.0,0.0,0.0,0.0,0.0,0.0,0.0,0.0,10.5
2016-12-22,157.460007,3958500.0,0.0,0.0,0.0,0.0,0.0,0.0,0.0,0.0,0.0,0.0,0.0,15.0
2016-12-27,157.479996,1858700.0,0.0,0.0,0.0,0.0,0.0,0.0,0.0,0.0,0.0,0.0,0.0,6.0
2016-12-28,156.100006,1810400.0,0.0,0.0,0.0,0.0,0.0,0.0,0.0,0.0,0.0,0.0,0.0,11.0
2017-01-04,158.619995,3189800.0,0.0,0.0,0.0,0.0,0.0,0.0,0.0,0.0,0.0,0.0,0.0,6.0
2017-01-09,158.320007,2839400.0,0.0,0.005555555555555533,0.005555555555555533,0.005555555555555533,0.005555555555555533,0.005555555555555533,0.0,0.0,0.005555555555555533,0.0,0.0,10.0
2017-01-12,158.289993,3020500.0,0.0,0.0,0.0,0.0,0.0,0.0,0.0,0.0,0.0,0.0,0.0,9.8
2017-01-13,158.830002,2435400.0,0.0,0.0,0.0,0.0,0.0,0.0,0.0,0.0,0.0,0.0,0.0,11.666666666666666
2017-01-17,157.669998,2758800.0,0.0,0.0,0.0,0.0,0.0,0.0,0.0,0.0,0.0,0.0,0.0,11.5
2017-01-18,158.320007,2087000.0,0.0,0.0,0.0,0.0,0.0,0.0,0.0,0.0,0.0,0.0,0.0,12.0
2017-01-19,159.0,3144000.0,0.0,0.0,0.002747252747252746,0.0,0.002747252747252746,0.002747252747252746,0.002747252747252746,0.0,0.0,0.0,0.0,10.615384615384615
2017-01-20,159.52999900000003,3384500.0,0.0,0.0,0.01111111111111111,0.0,0.0,0.0,0.0,0.0,0.0,0.0,0.0,10.6
2017-01-23,157.839996,3931200.0,0.0,0.0,0.0,0.0,0.0,0.0,0.0,0.0,0.0,0.0,0.0,11.333333333333334
2017-01-24,160.55000300000003,3927500.0,0.0,0.0,0.0,0.0,0.0,0.0,0.0,0.0,0.0,0.0,0.0,10.666666666666666
2017-01-25,167.360001,7480000.0,0.0,0.0,0.0,0.0,0.0,0.0,0.0,0.0,0.0,0.0,0.0,7.5
2017-01-26,169.119995,5436800.0,0.0,0.0,0.0,0.0,0.0,0.0,0.0,0.0,0.0,0.0,0.0,9.5
2017-01-27,167.699997,4883200.0,0.0,0.0,0.0,0.0555555555555555,0.0,0.0,0.0555555555555555,0.0,0.0,0.0,0.0,9.0
2017-01-31,163.419998,5350700.0,0.0,0.0,0.0,0.0,0.0,0.0,0.0,0.0,0.0,0.0,0.0,12.5
2017-02-07,166.5,4243200.0,0.0,0.0333333333333333,0.0333333333333333,0.0,0.0,0.0333333333333333,0.0,0.0,0.0,0.0,0.0,10.0
2017-02-08,163.809998,3041600.0,0.0,0.0,0.0,0.0,0.0,0.0,0.0,0.0,0.0,0.0,0.0,13.0
2017-02-13,168.029999,3765000.0,0.0,0.0,0.0,0.0,0.0,0.0,0.0,0.0,0.0,0.0,0.0,10.5
2017-02-14,168.5,2580300.0,0.0,0.0,0.0,0.0,0.0,0.0,0.0,0.0,0.0,0.0,0.0,14.0
2017-02-16,170.809998,3070100.0,0.0,0.0,0.0,0.0,0.0,0.0,0.0,0.0,0.0,0.0,0.0,10.0
2017-02-21,175.559998,4231700.0,0.0,0.0,0.0,0.0,0.0,0.0,0.0,0.0,0.0,0.0,0.0,13.0
2017-03-01,183.910004,5461800.0,0.0,0.0,0.0,0.0,0.0,0.0,0.0,0.0,0.0,0.0,0.0,10.0
2017-03-06,180.929993,4244000.0,0.0,0.0,0.0,0.0,0.0,0.0,0.0,0.0,0.0,0.0,0.0,8.0
2017-03-07,182.020004,2452000.0,0.0,0.0,0.0,0.0,0.0,0.0,0.0,0.0,0.0,0.0,0.0,5.0
2017-03-08,181.740005,2321700.0,0.0,0.0,0.0,0.0,0.0,0.0,0.0,0.0,0.0,0.0,0.0,11.333333333333334
2017-03-09,180.570007,3100500.0,0.0,0.0,0.0,0.0,0.0,0.0,0.0,0.0,0.0,0.0,0.0,10.0
2017-03-13,179.050003,3499000.0,0.0,0.0,0.0,0.0,0.0,0.0,0.0,0.0,0.0,0.0,0.0,10.0
2017-03-15,178.710007,3569000.0,0.0,0.0,0.0,0.0,0.0,0.0,0.0,0.0,0.0,0.0,0.0,13.0
2017-03-16,178.190002,3100700.0,0.0,0.02,0.02,0.02,0.02,0.0,0.0,0.0,0.02,0.0,0.0,10.0
2017-03-17,180.100006,5037400.0,0.0,0.0,0.0,0.0,0.0,0.0,0.0,0.0,0.0,0.0,0.0,10.0
2017-03-20,179.389999,2062200.0,0.0,0.0,0.0,0.0,0.0,0.0,0.0,0.0,0.0,0.0,0.0,22.0
2017-03-21,175.960007,3239600.0,0.0,0.0,0.0,0.0,0.0,0.0,0.0,0.0,0.0,0.0,0.0,10.5
2017-03-22,176.979996,2505700.0,0.0,0.0,0.0,0.0,0.0,0.0,0.0,0.0,0.0,0.0,0.0,9.666666666666666
2017-03-23,177.259995,2006400.0,0.0,0.0,0.0222222222222222,0.0222222222222222,0.0222222222222222,0.0222222222222222,0.0222222222222222,0.0,0.0,0.0,0.0,9.0
2017-03-28,177.360001,2412600.0,0.0,0.0,0.0,0.0,0.0,0.0,0.0,0.0,0.0,0.0,0.0,8.0
2017-03-29,177.630005,1640600.0,0.0,0.0,0.0,0.0,0.0,0.0,0.0,0.0,0.0,0.0,0.0,7.0
2017-03-30,177.979996,1737200.0,0.0,0.0,0.0,0.0,0.0,0.0,0.0,0.0,0.0,0.0,0.0,12.0
2017-04-03,176.649994,2934800.0,0.0,0.0,0.0,0.0,0.0,0.0,0.0,0.0,0.0,0.0,0.0,21.0
2017-04-04,178.699997,2326500.0,0.0,0.0,0.0,0.0,0.0,0.0,0.0,0.0,0.0,0.0,0.0,9.0
2017-04-05,177.080002,2567200.0,0.0,0.0,0.0,0.0,0.0,0.0,0.0,0.0,0.0,0.0,0.0,12.0
2017-04-06,177.369995,2343600.0,0.0,0.0,0.0,0.0,0.0,0.02857142857142856,0.0,0.0,0.0,0.0,0.0,14.2
2017-04-10,177.55999800000004,2309300.0,0.009259259259259233,0.009259259259259233,0.0,0.023148148148148102,0.0,0.0046296296296296,0.018518518518518465,0.0046296296296296,0.0,0.0,0.0,12.666666666666666
2017-04-12,176.050003,2922700.0,0.0,0.0,0.0,0.0,0.0,0.0,0.0,0.0,0.0,0.0,0.0,9.0
2017-04-13,175.619995,2024100.0,0.0,0.0,0.0,0.0,0.0,0.0,0.0,0.0,0.0,0.0,0.0,7.0
2017-04-17,179.020004,2450200.0,0.0,0.0,0.0,0.0,0.0,0.0,0.0,0.0,0.0,0.0,0.0,12.0
2017-04-18,177.85000600000004,2960200.0,0.0,0.0,0.015151515151515145,0.0,0.0030303030303030273,0.0,0.0,0.0,0.0,0.0,0.0,10.272727272727273
2017-04-19,178.39999399999994,2124500.0,0.0,0.0,0.00390625,0.0,0.00390625,0.0,0.0,0.0,0.0,0.0,0.0,9.0
2017-04-20,179.300003,2335200.0,0.0,0.0,0.0,0.0,0.0,0.0,0.0,0.0,0.0,0.0,0.0,8.5
2017-04-21,180.380005,3146600.0,0.0,0.0,0.0,0.0,0.0,0.0,0.0,0.0,0.0,0.0,0.0,10.0
2017-04-24,182.059998,3141900.0,0.0,0.0,0.0,0.0,0.0,0.0,0.05555555555555555,0.0,0.0,0.0,0.0,6.5
2017-04-25,183.509995,3735400.0,0.0,0.0,0.0,0.05555555555555553,0.0,0.0,0.0,0.0,0.0,0.0,0.0,7.0
2017-05-01,182.389999,3516700.0,0.0,0.0,0.0,0.0,0.0,0.0,0.0,0.0,0.0,0.0,0.0,6.0
2017-05-02,183.440002,1979800.0,0.0,0.0,0.0,0.0,0.0,0.0,0.0,0.0,0.0,0.0,0.0,11.0
2017-05-03,183.389999,2983200.0,0.0158730158730158,0.0158730158730158,0.0,0.0317460317460317,0.0,0.0158730158730158,0.0158730158730158,0.0158730158730158,0.0,0.0,0.0,9.0
2017-05-04,183.070007,2289300.0,0.0,0.0,0.0,0.0,0.0,0.0,0.0,0.0,0.0,0.0,0.0,18.666666666666668
2017-05-05,185.00999499999998,2636900.0,0.0023809523809523803,0.01071428571428571,0.0023809523809523803,0.0023809523809523803,0.0023809523809523803,0.0023809523809523803,0.00833333333333333,0.0,0.0,0.0,0.0,13.6
2017-05-08,186.020004,1963400.0,0.0,0.0,0.0,0.0,0.0,0.0,0.0,0.0,0.0,0.0,0.0,11.25
2017-05-09,186.910004,3004000.0,0.0,0.0,0.0,0.0,0.0,0.0,0.0,0.0,0.0,0.0,0.0,10.0
2017-05-10,183.179993,7060100.0,0.0,0.0,0.0,0.0,0.0,0.0,0.0,0.0,0.0,0.0,0.0,8.0
2017-05-12,183.25,3479200.0,0.0,0.0,0.0,0.0,0.0,0.0,0.0,0.0,0.0,0.0,0.0,10.0
2017-05-15,182.389999,3365000.0,0.0,0.0,0.0,0.0,0.0,0.0,0.0,0.0,0.0,0.0,0.0,14.666666666666666
2017-05-16,182.699997,2156100.0,0.0,0.0,0.0,0.0,0.0,0.0,0.0,0.0,0.0,0.0,0.0,8.5
2017-05-17,178.779999,2535700.0,0.0,0.0,0.0,0.01666666666666665,0.0,0.01666666666666665,0.01666666666666665,0.01666666666666665,0.0,0.01666666666666665,0.0,6.5
2017-05-19,180.759995,4038900.0,0.005681818181818175,0.008793290043290025,0.011634199134199125,0.002976190476190475,0.00865800865800865,0.002976190476190475,0.0,0.0,0.002840909090909075,0.0,0.0,11.0
2017-05-25,187.070007,2363300.0,0.0,0.0,0.0,0.0,0.0,0.0,0.0,0.0,0.0,0.0,0.0,6.0
2017-05-26,186.589996,1735800.0,0.0,0.0,0.0,0.0,0.0,0.0,0.0,0.0,0.0,0.0,0.0,9.333333333333334
2017-05-31,187.630005,5186700.0,0.0,0.0,0.0,0.0,0.0,0.0,0.0,0.0,0.0,0.0,0.0,13.5
2017-06-01,187.320007,2870200.0,0.0,0.0,0.0,0.0,0.0,0.0,0.0,0.0,0.0,0.0,0.0,12.5
2017-06-02,190.229996,3034300.0,0.0,0.0,0.0,0.0,0.0,0.0,0.0,0.0,0.0,0.0,0.0,20.0
2017-06-05,188.949997,2522100.0,0.0,0.0,0.0,0.0,0.0,0.0,0.0,0.0,0.0,0.0,0.0,10.0
2017-06-06,186.75,2725000.0,0.0,0.0,0.0,0.0454545454545454,0.0,0.0454545454545454,0.0,0.0,0.0,0.0,0.0,11.0
2017-06-07,188.100006,2383500.0,0.0,0.0,0.0,0.0,0.0,0.0,0.0,0.0,0.0,0.0,0.0,19.666666666666668
2017-06-13,191.089996,1882700.0,0.0,0.0,0.0,0.05555555555555555,0.0,0.02777777777777775,0.0,0.0,0.0,0.0,0.0,7.0
2017-06-14,192.380005,2210000.0,0.0,0.0,0.0,0.1666666666666666,0.0,0.0,0.0,0.0,0.0,0.0,0.0,6.0
2017-06-15,195.449997,2894100.0,0.0,0.0,0.0,0.0,0.0,0.0,0.0,0.0,0.0,0.0,0.0,14.0
2017-06-19,199.080002,2726400.0,0.0,0.0,0.0,0.0,0.0,0.0,0.0,0.0,0.0,0.0,0.0,14.0
2017-06-20,198.330002,3077400.0,0.0,0.0,0.0,0.025,0.0,0.025,0.0,0.0,0.0,0.0,0.0,7.5
2017-06-21,199.169998,3151100.0,0.0,0.0,0.0,0.0,0.0,0.0,0.0,0.0,0.0,0.0,0.0,9.666666666666666
2017-06-22,199.440002,3339300.0,0.0,0.0,0.0,0.0,0.0,0.0,0.0,0.0,0.0,0.0,0.0,11.0
2017-06-23,202.229996,4310100.0,0.0,0.0,0.0,0.0,0.0,0.0,0.0,0.0,0.0,0.0,0.0,5.0
2017-06-26,199.979996,3077600.0,0.0,0.0,0.0,0.0,0.0,0.1111111111111111,0.0,0.0,0.0,0.0,0.0,9.0
2017-06-27,198.889999,2296900.0,0.0,0.0,0.0,0.0,0.0,0.0,0.0,0.0,0.0,0.0,0.0,6.0
2017-06-28,199.619995,2096800.0,0.0,0.0,0.0,0.0,0.0,0.0,0.0,0.0,0.0,0.0,0.0,8.0
2017-06-29,197.460007,2428900.0,0.0,0.0,0.0,0.0,0.0,0.0,0.0,0.0,0.0,0.0,0.0,9.0
2017-06-30,197.75,2225600.0,0.0,0.0,0.0,0.0714285714285714,0.0,0.0714285714285714,0.0,0.0,0.0,0.0,0.0,7.0
2017-07-03,198.589996,1511200.0,0.0,0.0,0.0,0.0,0.0,0.0,0.0,0.0,0.0,0.0,0.0,26.5
2017-07-05,201.809998,2716700.0,0.0,0.0,0.0,0.0,0.0,0.0,0.0,0.0,0.0,0.0,0.0,10.0
2017-07-11,206.270004,2815800.0,0.0,0.0,0.0,0.0,0.0,0.0,0.0,0.0,0.0,0.0,0.0,12.0
2017-07-12,206.440002,2817400.0,0.0,0.0,0.0,0.0,0.0,0.0,0.0,0.0,0.0,0.0,0.0,9.25
2017-07-13,206.229996,1943600.0,0.0,0.0,0.0,0.0,0.0,0.0,0.0,0.0,0.0,0.0,0.0,10.0
2017-07-14,208.509995,3229000.0,0.0,0.0,0.0,0.0,0.0,0.0,0.0,0.0,0.0,0.0,0.0,11.0
2017-07-17,209.0,2416000.0,0.0,0.0,0.0,0.011904761904761899,0.0,0.011904761904761899,0.0,0.0,0.0,0.0,0.0,11.5
2017-07-18,208.24000500000008,1942300.0,0.0,0.0,0.006993006993006992,0.0,0.0,0.0,0.0,0.0,0.0,0.0,0.0,10.076923076923077
2017-07-19,210.880005,2258400.0,0.0,0.0,0.0,0.0,0.0,0.0,0.0,0.0,0.0,0.0,0.0,9.941176470588236
2017-07-20,210.279999,2235100.0,0.0,0.0,0.0,0.0,0.0,0.0,0.0,0.0,0.0,0.0,0.0,8.75
2017-07-21,212.139999,2098400.0,0.0,0.0,0.0,0.0,0.0,0.0,0.0,0.0,0.0,0.0,0.0,8.0
2017-07-24,212.179993,2392700.0,0.0069930069930069,0.0139860139860139,0.0279720279720279,0.0,0.0069930069930069,0.0069930069930069,0.0139860139860139,0.0,0.0069930069930069,0.0069930069930069,0.0,11.0
2017-07-25,212.460007,2889000.0,0.0,0.0,0.0,0.0,0.0,0.0,0.0,0.0,0.0,0.0,0.0,7.666666666666667
2017-07-26,233.449997,14140000.0,0.0,0.0,0.0,0.0,0.0,0.0,0.0,0.0,0.0,0.0,0.0,11.0
2017-08-01,239.440002,5018400.0,0.0,0.0,0.0,0.0,0.0,0.0,0.0,0.0,0.0,0.0,0.0,13.0
2017-08-04,237.710007,5590500.0,0.0,0.0,0.0,0.0,0.0,0.0,0.0,0.0,0.0,0.0,0.0,13.0
2017-08-07,240.229996,3674700.0,0.0,0.0,0.011904761904761899,0.011507936507936467,0.011904761904761899,0.011507936507936467,0.017063492063492034,0.011507936507936467,0.0,0.0,0.0,14.666666666666666
2017-08-08,239.5,4871500.0,0.0,0.0,0.0,0.0,0.0,0.0,0.0,0.0,0.0,0.0,0.0,12.0
2017-08-09,234.309998,5680400.0,0.0,0.0,0.0,0.0,0.0,0.0,0.0,0.0,0.0,0.0,0.0,11.0
2017-08-10,232.880005,6817700.0,0.0,0.0,0.0,0.0833333333333333,0.0,0.0416666666666666,0.0,0.0,0.0,0.0,0.0,8.0
2017-08-11,234.880005,3461700.0,0.0,0.0,0.0,0.0,0.0,0.0,0.0,0.0,0.0,0.0,0.0,6.5
2017-08-14,237.149994,2953500.0,0.0,0.0,0.0,0.0,0.0,0.0,0.0,0.0,0.0,0.0,0.0,15.0
2017-08-15,239.169998,2851100.0,0.0,0.0,0.0,0.0,0.0,0.0,0.0,0.0,0.0,0.0,0.0,14.0
2017-08-16,237.589996,3012700.0,0.0,0.0,0.0,0.0,0.0,0.0,0.0,0.0,0.0,0.0,0.0,7.5
2017-08-17,235.589996,2810900.0,0.0,0.0,0.0181818181818181,0.0181818181818181,0.0181818181818181,0.0181818181818181,0.0181818181818181,0.0,0.0,0.0,0.0,11.0
2017-08-22,239.75,2915700.0,0.0,0.0,0.0,0.025,0.0,0.025,0.0,0.0125,0.0,0.0,0.0,22.0
2017-08-23,238.089996,2518300.0,0.0,0.0,0.0,0.0,0.0,0.0,0.0,0.0,0.0,0.0,0.0,8.0
2017-08-24,238.740005,2553100.0,0.0,0.0,0.0,0.0,0.0,0.0,0.0,0.0,0.0,0.0,0.0,9.0
2017-08-28,237.179993,2395000.0,0.0,0.0,0.0384615384615384,0.0192307692307692,0.0192307692307692,0.0,0.0,0.0,0.0,0.0,0.0,13.0
2017-08-30,240.460007,2801100.0,0.0,0.0,0.0,0.0,0.0,0.0,0.0,0.0,0.0,0.0,0.0,15.333333333333334
2017-09-06,234.619995,4252700.0,0.0,0.0,0.0,0.05,0.0,0.0,0.0,0.0,0.0,0.0,0.0,18.0
2017-09-07,236.309998,2994500.0,0.0,0.0,0.0,0.0,0.0,0.0,0.0,0.0,0.0,0.0,0.0,7.0
2017-09-13,241.929993,4529100.0,0.0,0.0,0.0,0.0,0.0,0.0,0.0,0.0,0.0,0.0,0.0,20.666666666666668
2017-09-15,249.0,9033300.0,0.00595238095238095,0.00595238095238095,0.00595238095238095,0.0119047619047619,0.00595238095238095,0.0119047619047619,0.00595238095238095,0.0119047619047619,0.0,0.00595238095238095,0.0,11.5
2017-09-25,254.320007,3479200.0,0.0,0.0,0.0,0.0,0.0,0.0,0.0,0.0,0.0,0.0,0.0,13.0
2017-09-26,253.699997,2173600.0,0.0,0.0,0.0,0.0,0.0,0.0,0.0,0.0,0.0,0.0,0.0,18.0
2017-09-27,255.279999,3840100.0,0.0,0.0,0.0,0.0,0.0,0.0,0.0,0.0,0.0,0.0,0.0,9.0
2017-09-28,254.270004,2586100.0,0.0,0.0,0.0,0.0,0.0,0.0,0.0,0.0,0.0,0.0,0.0,20.0
2017-10-04,255.75999499999998,3031000.0,0.0,0.0,0.0,0.0625,0.0,0.04472222222222222,0.0,0.0,0.0,0.0,0.0,9.0
2017-10-05,258.890015,3940200.0,0.0,0.0,0.0,0.0,0.0,0.0,0.0,0.0,0.0,0.0,0.0,15.5
2017-10-09,258.390015,2146100.0,0.0,0.0,0.0,0.0,0.0,0.0,0.0,0.0,0.0,0.0,0.0,16.0
2017-10-12,261.910004,2577900.0,0.0,0.0,0.0,0.0,0.0,0.0,0.0,0.0,0.0,0.0,0.0,10.0
2017-10-13,260.73999,2243900.0,0.0,0.0,0.0,0.0,0.0,0.0,0.0,0.0,0.0,0.0,0.0,12.666666666666666
2017-10-16,259.75,1818900.0,0.0,0.0,0.0,0.0,0.0,0.0,0.0,0.0,0.0,0.0,0.0,9.333333333333334
2017-10-17,258.619995,2515900.0,0.0,0.0,0.0,0.009375,0.0,0.003125,0.0,0.0,0.0,0.0,0.0,10.4
2017-10-18,260.04000900000005,2051700.0,0.0,0.0,0.0,0.011363636363636359,0.0,0.0,0.0,0.0,0.0,0.0,0.0,12.636363636363637
2017-10-19,259.040009,2589200.0,0.0,0.0,0.0,0.0,0.0,0.0,0.0,0.0,0.0,0.0,0.0,12.11111111111111
2017-10-23,262.320007,3302400.0,0.0,0.0,0.0,0.0,0.0,0.0,0.0,0.0,0.0,0.0,0.0,9.0
2017-10-24,266.0,4401600.0,0.0,0.0,0.0,0.0,0.0,0.0,0.0,0.0,0.0,0.0,0.0,6.5
2017-10-25,258.420013,7895300.0,0.0,0.0,0.0,0.0,0.0,0.0,0.0,0.0,0.0,0.0,0.0,14.0
2017-10-27,256.459991,2899200.0,0.0,0.0,0.0,0.0,0.0,0.0,0.0,0.0,0.0,0.0,0.0,15.0
2017-10-31,257.980011,2742800.0,0.0,0.0,0.0,0.0,0.0,0.0,0.0,0.0,0.0,0.0,0.0,7.0
2017-11-01,258.5,2929500.0,0.0,0.0,0.0,0.0,0.0,0.0,0.0,0.0,0.0,0.0,0.0,16.5
2017-11-06,264.070007,2911600.0,0.0,0.0,0.0,0.0,0.0,0.0,0.0,0.0,0.0,0.0,0.0,8.0
2017-11-07,266.130005,3205400.0,0.0,0.0,0.0,0.0,0.0,0.0,0.0,0.0,0.0,0.0,0.0,11.0
2017-11-08,265.570007,2841800.0,0.0,0.0,0.0,0.0,0.0,0.0,0.0,0.0,0.0,0.0,0.0,10.0
2017-11-09,262.700012,3215900.0,0.0,0.0,0.0,0.0428571428571428,0.0,0.0142857142857142,0.0142857142857142,0.0,0.0,0.0,0.0,14.0
2017-11-10,260.850006,1740600.0,0.0,0.0,0.0,0.0,0.0,0.0,0.0,0.0,0.0,0.0,0.0,15.0
2017-11-14,261.76001,2358200.0,0.0,0.0,0.0303030303030303,0.0,0.0,0.0,0.0,0.0,0.0,0.0,0.0,9.666666666666666
2017-11-15,262.859985,2510500.0,0.0,0.0,0.05555555555555555,0.0,0.0,0.0,0.0,0.0,0.0,0.0,0.0,12.5
2017-11-16,263.700012,2710200.0,0.0,0.01388888888888885,0.01388888888888885,0.01388888888888885,0.0,0.0,0.0,0.0,0.0,0.0,0.0,11.0
2017-11-22,265.149994,1471400.0,0.0,0.0,0.0,0.0,0.0,0.0,0.0,0.0,0.0,0.0,0.0,10.0
2017-11-27,265.579987,1772200.0,0.0,0.0,0.0,0.0,0.0,0.0,0.0,0.0,0.0,0.0,0.0,10.0
2017-11-30,276.799988,4820300.0,0.0,0.0,0.0,0.0,0.0,0.0,0.0,0.0,0.0,0.0,0.0,7.0
2017-12-04,277.970001,5523000.0,0.0,0.0,0.0,0.0,0.0,0.0,0.0,0.0,0.0,0.0,0.0,12.0
2017-12-05,275.540009,2806100.0,0.0,0.0,0.0,0.0,0.0,0.0,0.0,0.0,0.0,0.0,0.0,4.0
2017-12-14,293.880005,3913400.0,0.0,0.0,0.0,0.0,0.0,0.0,0.0,0.0,0.0,0.0,0.0,15.0
2017-12-18,296.140015,2901600.0,0.0,0.0,0.0,0.0,0.0,0.0,0.0,0.0,0.0,0.0,0.0,29.0
2017-12-19,297.25,2728400.0,0.0,0.0,0.0,0.0208333333333333,0.0,0.0208333333333333,0.0,0.0,0.0,0.0,0.0,17.0
2017-12-22,295.100006,2257400.0,0.0,0.0,0.0,0.0,0.0,0.0,0.0,0.0,0.0,0.0,0.0,7.0
2017-12-28,296.350006,1436800.0,0.0,0.0,0.0,0.0,0.0,0.0,0.0,0.0,0.0,0.0,0.0,15.0
2018-01-02,296.839996,2978900.0,0.0,0.0,0.0,0.0,0.0,0.0,0.0,0.0,0.0,0.0,0.0,9.5
2018-01-03,297.79998800000004,3211200.0,0.0,0.0,0.0,0.0029761904761904717,0.0,0.004464285714285714,0.004464285714285714,0.0,0.0,0.0,0.0,11.0
2018-01-04,296.670013,4171700.0,0.0,0.0,0.0,0.0,0.0,0.0,0.0,0.0,0.0,0.0,0.0,13.0
2018-01-05,308.839996,6177700.0,0.0,0.0,0.0,0.0,0.0,0.0,0.0,0.0,0.0,0.0,0.0,11.5
2018-01-09,318.429993,5641300.0,0.0,0.0,0.0,0.0,0.0,0.0,0.0,0.0,0.0,0.0,0.0,10.0
2018-01-10,320.26001,4479300.0,0.0,0.0,0.0,0.0,0.0,0.0,0.0,0.0,0.0,0.0,0.0,10.5
2018-01-11,328.119995,4635300.0,0.0,0.0,0.0,0.0,0.0,0.0,0.0,0.0,0.0,0.0,0.0,14.666666666666666
2018-01-12,336.209991,6559300.0,0.0,0.0,0.0,0.0,0.0,0.0,0.0,0.0,0.0,0.0,0.0,8.0
2018-01-16,335.160004,12305500.0,0.0,0.0,0.0,0.013690476190476185,0.0,0.004761904761904757,0.013690476190476185,0.0,0.0,0.0,0.0,10.714285714285714
2018-01-17,351.01001,9699900.0,0.0,0.0,0.0,0.0,0.0,0.0,0.0,0.0,0.0,0.0,0.0,11.875
2018-01-18,340.160004,9458600.0,0.0007843137254901941,0.0016013071895424765,0.0036437908496731943,0.003163206459054206,0.0007843137254901941,0.0026191849288735,0.003195886197616294,0.0005767012687427882,0.0,0.0008169934640522823,0.0,12.529411764705882
2018-01-19,337.73001099999993,7264400.0,0.0006613756613756611,0.0013227513227513222,0.006974506974506973,0.00611672278338945,0.005751964085297417,0.0011223344556677889,0.0005611672278338944,0.0,0.0006613756613756611,0.0,0.0,11.88888888888889
2018-01-22,338.0,6792900.0,0.0,0.0,0.0,0.0,0.0,0.0,0.0,0.0,0.0,0.0,0.0,5.0
2018-01-23,335.589996,4537800.0,0.0,0.0,0.0,0.0,0.0,0.0,0.0,0.0,0.0,0.0,0.0,10.0
2018-01-25,343.109985,4747500.0,0.0,0.0,0.0,0.0,0.0,0.05555555555555555,0.0,0.0,0.0,0.0,0.0,10.0
2018-01-30,337.709991,4983100.0,0.0,0.0,0.0,0.0,0.0,0.0,0.0,0.0,0.0,0.0,0.0,7.0
2018-01-31,354.369995,11409600.0,0.0,0.0,0.0,0.0416666666666666,0.0,0.0416666666666666,0.0,0.0,0.0,0.0,0.0,12.0
2018-02-01,356.940002,6067600.0,0.0,0.0,0.0,0.0,0.0,0.0,0.0,0.0,0.0,0.0,0.0,9.0
2018-02-08,329.660004,8295900.0,0.0,0.0,0.0,0.0,0.0,0.0,0.0,0.0,0.0,0.0,0.0,13.0
2018-02-13,343.160004,4030200.0,0.0,0.0,0.0,0.016666666666666666,0.0,0.016666666666666666,0.0,0.0,0.0,0.0,0.0,10.666666666666666
2018-02-14,344.85000599999995,4340200.0,0.0,0.0,0.0,0.0,0.0,0.0,0.0,0.0,0.0,0.0,0.0,9.0
2018-02-15,356.459991,5827500.0,0.0,0.0,0.0,0.0,0.0,0.0,0.0,0.0,0.0,0.0,0.0,15.0
2018-02-22,355.920013,3414300.0,0.0,0.0,0.0,0.0,0.0,0.0,0.0,0.0,0.0,0.0,0.0,13.0
2018-03-01,349.690002,8978000.0,0.0,0.0,0.0,0.0,0.0,0.0,0.0,0.0,0.0,0.0,0.0,13.0
2018-03-02,344.670013,10021300.0,0.0,0.0,0.0,0.0,0.0,0.0,0.0,0.0,0.0,0.0,0.0,16.0
2018-03-06,348.920013,4888300.0,0.0,0.0,0.0,0.0,0.0,0.0,0.0,0.0,0.0,0.0,0.0,7.0
2018-03-08,348.73001099999993,4319900.0,0.0,0.0,0.0,0.0,0.0,0.0,0.0,0.0,0.0,0.0,0.0,12.333333333333334
2018-03-14,330.26001,13057900.0,0.0,0.0,0.0,0.0,0.0,0.0,0.0,0.0,0.0,0.0,0.0,10.0
2018-03-15,329.980011,8766000.0,0.0,0.0,0.0,0.0,0.0,0.0,0.0,0.0,0.0,0.0,0.0,15.0
2018-03-16,330.470001,9329000.0,0.0,0.0,0.0,0.0,0.0,0.0,0.0,0.0,0.0,0.0,0.0,7.0
2018-03-19,331.76001,6328900.0,0.0,0.0,0.0,0.0,0.0,0.0,0.0,0.0,0.0,0.0,0.0,21.0
2018-03-20,337.630005,6500500.0,0.0,0.0,0.0,0.041666666666666664,0.0,0.041666666666666664,0.0,0.0,0.0,0.0,0.0,17.0
2018-03-21,337.100006,4056300.0,0.0,0.0,0.0,0.0,0.0,0.0,0.0714285714285714,0.0,0.0,0.0,0.0,7.5
2018-03-22,319.609985,7282200.0,0.01388888888888885,0.01388888888888885,0.01388888888888885,0.0,0.01388888888888885,0.0,0.0,0.0,0.0,0.0,0.0,10.0
2018-03-26,328.970001,5392900.0,0.0,0.0,0.0,0.0,0.0,0.0,0.0,0.0,0.0,0.0,0.0,8.0
2018-03-27,321.119995,5355500.0,0.0,0.0,0.0,0.0,0.0,0.0,0.0,0.0,0.0,0.0,0.0,8.0
2018-03-28,320.019989,5634700.0,0.0,0.0,0.0,0.0,0.0,0.0,0.0,0.0,0.0,0.0,0.0,9.0
2018-03-29,327.880005,3652100.0,0.0,0.0,0.0,0.0,0.0,0.0,0.0,0.0,0.0,0.0,0.0,13.0
2018-04-03,330.820007,4783100.0,0.0,0.0,0.0,0.0,0.0,0.0,0.0,0.0,0.0,0.0,0.0,9.0
2018-04-04,327.440002,8235700.0,0.0,0.0,0.0,0.0,0.0,0.0,0.0,0.0,0.0,0.0,0.0,9.5
2018-04-05,336.399994,6220000.0,0.0,0.0,0.0,0.05,0.0,0.0,0.05,0.0,0.0,0.0,0.0,10.0
2018-04-06,326.119995,5713600.0,0.0,0.0,0.0,0.0,0.0,0.0,0.0,0.0,0.0,0.0,0.0,5.0
2018-04-10,334.829987,5552000.0,0.0,0.0,0.0,0.0,0.0,0.0,0.0,0.0,0.0,0.0,0.0,6.0
2018-04-12,337.480011,4325000.0,0.0,0.0,0.0,0.0,0.0,0.0,0.0,0.0,0.0,0.0,0.0,12.333333333333334
2018-04-13,329.279999,4733500.0,0.0,0.0,0.0,0.0,0.0,0.0,0.0,0.0,0.0,0.0,0.0,12.333333333333334
2018-04-16,331.76998899999995,3901400.0,0.0,0.0,0.0,0.0,0.0,0.0,0.0,0.0,0.0,0.0,0.0,11.375
2018-04-17,336.7200010000001,3381800.0,0.0,0.0,0.004807692307692308,0.003496503496503492,0.004807692307692308,0.003496503496503492,0.0,0.0,0.0,0.0,0.0,13.615384615384615
2018-04-18,341.0,3117500.0,0.0,0.0,0.0,0.0,0.0,0.0,0.0,0.0,0.0,0.0,0.0,10.2
2018-04-19,340.640015,3006800.0,0.0,0.0,0.0,0.0,0.0,0.0,0.0,0.0,0.0,0.0,0.0,8.0
2018-04-20,338.670013,3038000.0,0.0,0.0,0.0,0.0101010101010101,0.0,0.0202020202020202,0.0,0.0,0.0,0.0,0.0,9.333333333333334
2018-04-23,338.839996,2765600.0,0.0,0.0,0.0,0.0,0.0,0.0,0.0,0.0,0.0,0.0,0.0,12.0
2018-04-24,329.059998,7051800.0,0.0,0.0,0.0,0.0,0.0,0.0,0.0,0.0,0.0,0.0,0.0,9.666666666666666
2018-04-26,342.790009,5273600.0,0.015151515151515133,0.0,0.0,0.0,0.0,0.037037037037037035,0.0,0.0,0.0,0.015151515151515133,0.0,12.0
2018-04-27,340.880005,3390400.0,0.0,0.0,0.0,0.0,0.0,0.0,0.0,0.0,0.0,0.0,0.0,13.0
2018-04-30,333.559998,3721600.0,0.0,0.0,0.0,0.0,0.0,0.0,0.0,0.0,0.0,0.0,0.0,10.0
2018-05-02,324.190002,3436100.0,0.0,0.0,0.0,0.0,0.0,0.0,0.0,0.0,0.0,0.0,0.0,8.75
2018-05-03,330.690002,6383200.0,0.0,0.0,0.0,0.0,0.0,0.0,0.0,0.0,0.0,0.0,0.0,10.5
2018-05-04,334.429993,3655100.0,0.0,0.0,0.0,0.0,0.0,0.0,0.0,0.0,0.0,0.0,0.0,12.0
2018-05-08,338.369995,4014100.0,0.0,0.0,0.0,0.0,0.0,0.0,0.0,0.0,0.0,0.0,0.0,9.2
2018-05-09,344.5,4347000.0,0.0,0.0,0.0,0.0,0.0,0.0,0.0,0.0,0.0,0.0,0.0,12.0
2018-05-11,342.459991,2332200.0,0.0,0.0,0.0,0.0,0.0,0.0,0.0,0.0,0.0,0.0,0.0,10.0
2018-05-14,344.589996,2520300.0,0.0,0.0,0.0,0.0,0.0,0.0,0.0,0.0,0.0,0.0,0.0,11.0
2018-05-15,342.119995,3009100.0,0.0,0.0,0.0,0.0,0.0,0.0,0.0,0.0,0.0,0.0,0.0,16.0
2018-05-16,340.9700010000001,2230100.0,0.0,0.0,0.0,0.0,0.0,0.0,0.0,0.0,0.0,0.0,0.0,18.375
2018-05-17,344.140015,2483300.0,0.0,0.0,0.0,0.0,0.0,0.0,0.0,0.0,0.0,0.0,0.0,15.0
2018-05-18,351.230011,4327700.0,0.0,0.0,0.0,0.0,0.0,0.0,0.0,0.0,0.0,0.0,0.0,9.0
2018-05-23,359.209991,4497500.0,0.0,0.0,0.0,0.0,0.0,0.0,0.0,0.0,0.0,0.0,0.0,18.0
2018-05-25,360.089996,2463700.0,0.0,0.0,0.0,0.0,0.0,0.0,0.0,0.0,0.0,0.0,0.0,9.0
2018-05-29,352.480011,4249600.0,0.0,0.0,0.0,0.0,0.0,0.0,0.0,0.0,0.0,0.0,0.0,13.0
2018-05-31,352.160004,4406300.0,0.0,0.0,0.0,0.0,0.0,0.0,0.0,0.0,0.0,0.0,0.0,6.0
2018-06-04,360.730011,2950300.0,0.0,0.0,0.0,0.0,0.0,0.0,0.0,0.0,0.0,0.0,0.0,12.0
2018-06-06,371.559998,4488400.0,0.0,0.0,0.0,0.0,0.0,0.0,0.0,0.0,0.0,0.0,0.0,17.5
2018-06-07,368.529999,4517800.0,0.0,0.0,0.0,0.0,0.0,0.01785714285714285,0.0,0.0,0.0,0.0,0.0,12.25
2018-06-11,370.940002,2468500.0,0.0,0.0037037037037037,0.0,0.0074074074074074,0.0037037037037037,0.0037037037037037,0.0037037037037037,0.0074074074074074,0.0,0.0037037037037037,0.0,12.666666666666666
2018-06-12,370.619995,2440400.0,0.0,0.0,0.0,0.0,0.0,0.0,0.0,0.0,0.0,0.0,0.0,40.0
2018-06-13,363.850006,3867600.0,0.0,0.0,0.0,0.0,0.0,0.0,0.0,0.0,0.0,0.0,0.0,7.0
2018-06-14,362.420013,4039500.0,0.0,0.0,0.0,0.0,0.0,0.0,0.0,0.0,0.0,0.0,0.0,17.5
2018-06-15,357.880005,9946000.0,0.0,0.0,0.0,0.0,0.0,0.0,0.0,0.0,0.0,0.0,0.0,7.5
2018-06-18,354.73999,3363200.0,0.0,0.0,0.0,0.0,0.0,0.0,0.0,0.0,0.0,0.0,0.0,22.0
2018-06-19,341.119995,6857300.0,0.0,0.0,0.0,0.0,0.0,0.0,0.0,0.0,0.0,0.0,0.0,6.666666666666667
2018-06-20,342.690002,4540000.0,0.0,0.0,0.0,0.03125,0.0,0.03125,0.0,0.0,0.0,0.0,0.0,8.5
2018-06-25,331.200012,5006200.0,0.0,0.0,0.0,0.0,0.0,0.0,0.0,0.0,0.0,0.0,0.0,39.0
2018-06-26,331.299988,3112400.0,0.0,0.0,0.0,0.0,0.0,0.0,0.0,0.0,0.0,0.0,0.0,10.333333333333334
2018-06-27,329.820007,4578900.0,0.0,0.0,0.0,0.0,0.0,0.0,0.0,0.0,0.0,0.0,0.0,15.0
2018-06-28,334.64999399999994,3348000.0,0.0,0.0,0.0,0.0,0.0,0.0,0.0,0.0,0.0,0.0,0.0,9.166666666666666
2018-06-29,335.51001,3108500.0,0.0,0.0,0.0,0.05555555555555555,0.0,0.0,0.0,0.0,0.0,0.0,0.0,10.5
2018-07-02,336.079987,2820700.0,0.0,0.0,0.0,0.0,0.0,0.0,0.0,0.0,0.0,0.0,0.0,20.5
2018-07-03,332.929993,1464400.0,0.0,0.0,0.0,0.0,0.0,0.0,0.0,0.0,0.0,0.0,0.0,13.0
2018-07-05,333.179993,2427900.0,0.0,0.0,0.0,0.0,0.0,0.0,0.0,0.0,0.0,0.0,0.0,15.25
2018-07-06,334.640015,2105100.0,0.0,0.0,0.0,0.0,0.0,0.0,0.0,0.0,0.0,0.0,0.0,12.0
2018-07-10,347.160004,3278300.0,0.0277777777777777,0.0,0.0277777777777777,0.0,0.0,0.0277777777777777,0.0,0.0,0.0,0.0,0.0,12.0
2018-07-11,340.600006,3056900.0,0.0,0.0,0.0,0.0,0.0,0.0,0.0,0.0,0.0,0.0,0.0,11.0
2018-07-12,346.02999900000003,2030700.0,0.0,0.0,0.0,0.0,0.0,0.0,0.0,0.0,0.0,0.0,0.0,11.0
2018-07-13,350.790009,2272300.0,0.0,0.0,0.0,0.0,0.0,0.0,0.0,0.0,0.0,0.0,0.0,10.0
2018-07-16,356.10000600000006,2889000.0,0.0,0.0,0.0,0.0,0.0,0.0,0.0,0.0,0.0,0.0,0.0,13.5
2018-07-17,356.880005,2730500.0,0.0,0.0,0.0,0.0078125,0.0,0.0078125,0.0,0.0,0.0,0.0,0.0,9.625
2018-07-18,360.23001100000005,3090100.0,0.0033333333333333296,0.0,0.0033333333333333296,0.0033333333333333296,0.0,0.0,0.0,0.0,0.0,0.0,0.0,12.4
2018-07-19,355.329987,2711700.0,0.0,0.0,0.0,0.0,0.0,0.0,0.0,0.0,0.0,0.0,0.0,11.545454545454545
2018-07-20,354.899994,1816700.0,0.0,0.004901960784313725,0.004901960784313725,0.004901960784313725,0.0,0.0,0.0,0.0,0.0,0.0,0.0,11.25
2018-07-24,358.269989,3182000.0,0.0,0.0,0.0,0.0,0.0,0.0,0.0,0.0,0.0,0.0,0.0,5.0
2018-07-26,359.320007,3191200.0,0.0,0.0,0.0,0.0,0.0,0.0,0.0,0.0,0.0,0.0,0.0,9.0
2018-07-27,360.64999400000005,2914700.0,0.0,0.0,0.0,0.0,0.0,0.0,0.0,0.0,0.0,0.0,0.0,14.333333333333334
2018-07-30,351.059998,3080400.0,0.0,0.0,0.0,0.0125,0.0,0.0,0.0125,0.0,0.0,0.0,0.0,11.6
2018-07-31,356.299988,2728400.0,0.0,0.0,0.0,0.0,0.0,0.0,0.0,0.0,0.0,0.0,0.0,12.0
2018-08-02,349.730011,2655900.0,0.0,0.0,0.0,0.0,0.0,0.0,0.0,0.0,0.0,0.0,0.0,6.0
2018-08-03,348.440002,2285200.0,0.0,0.0,0.0,0.0,0.0,0.0,0.0,0.0,0.0,0.0,0.0,23.333333333333332
2018-08-06,346.570007,3251100.0,0.0,0.0,0.0,0.0185185185185185,0.0,0.0,0.0,0.0,0.0,0.0,0.0,28.5
2018-08-07,350.76001,2267400.0,0.0,0.0,0.0,0.0,0.0,0.0,0.0,0.0,0.0,0.0,0.0,9.0
2018-08-08,347.779999,2333600.0,0.0,0.0,0.0,0.0,0.0,0.0,0.0,0.0,0.0,0.0,0.0,13.0
2018-08-09,343.720001,2301800.0,0.0,0.0,0.0,0.0125,0.0,0.0125,0.0,0.0,0.0,0.0,0.0,8.75
2018-08-10,339.410004,2745700.0,0.0,0.0,0.0,0.0,0.0,0.0,0.0,0.0,0.0,0.0,0.0,10.0
2018-08-13,338.359985,1877200.0,0.0,0.0,0.0,0.0,0.0,0.0,0.0,0.0,0.0,0.0,0.0,9.0
2018-08-14,339.140015,2017300.0,0.0,0.0,0.0,0.0,0.0,0.0,0.0,0.0,0.0,0.0,0.0,11.0
2018-08-15,331.76001,3798600.0,0.0,0.0,0.0,0.0,0.0,0.0,0.0,0.0,0.0,0.0,0.0,11.0
2018-08-16,345.980011,5867900.0,0.0,0.0,0.0208333333333333,0.0,0.0208333333333333,0.0,0.0,0.0,0.0208333333333333,0.0,0.0,9.0
2018-08-29,350.190002,1850100.0,0.0,0.0,0.0,0.0,0.0,0.0,0.0,0.0,0.0,0.0,0.0,7.0
2018-08-30,346.899994,3257700.0,0.0,0.0,0.0,0.0,0.0,0.0,0.0,0.0,0.0,0.0,0.0,10.0
2018-09-04,346.25,2699400.0,0.0,0.0,0.0,0.0,0.0,0.0,0.0,0.0,0.0,0.0,0.0,10.5
2018-09-06,351.269989,3585900.0,0.0,0.0,0.0,0.0,0.0,0.0,0.0,0.0,0.0,0.0,0.0,15.0
2018-09-10,341.859985,3065500.0,0.0,0.0,0.0,0.0,0.0,0.0,0.0769230769230769,0.0,0.0,0.0,0.0,13.0
2018-09-12,353.410004,4003800.0,0.0,0.0,0.0,0.0,0.0,0.0,0.0,0.0,0.0,0.0,0.0,9.0
2018-09-13,355.459991,3166500.0,0.0,0.0,0.0,0.0,0.0,0.0,0.0,0.0,0.0,0.0,0.0,11.0
2018-09-14,359.799988,2835800.0,0.0,0.0,0.0,0.0,0.0,0.0,0.0,0.0,0.0,0.0,0.0,8.0
2018-09-20,367.459991,4011100.0,0.0,0.0,0.0,0.0,0.0,0.0,0.0,0.0,0.0,0.0,0.0,13.0
2018-09-21,372.230011,7144000.0,0.0,0.0,0.0,0.0238095238095238,0.0,0.0238095238095238,0.0238095238095238,0.0,0.0,0.0,0.0,9.5
2018-09-24,367.98999,2800200.0,0.0,0.0,0.0,0.018749999999999975,0.0,0.01354166666666665,0.0,0.01354166666666665,0.0,0.0,0.0,11.75
2018-09-25,367.230011,2969200.0,0.0,0.0,0.0,0.0,0.0,0.0,0.0,0.0,0.0,0.0,0.0,13.0
2018-09-26,365.0299989999999,2368600.0,0.002083333333333325,0.002083333333333325,0.002083333333333325,0.0072916666666666624,0.002083333333333325,0.004166666666666662,0.0,0.004166666666666662,0.002083333333333325,0.0,0.0,14.5
2018-09-27,367.390015,2355900.0,0.0,0.0,0.0,0.0,0.0,0.0,0.0,0.0,0.0,0.0,0.0,14.0
2018-09-28,371.899994,3600500.0,0.0,0.0,0.0,0.0,0.0,0.0,0.0,0.0,0.0,0.0,0.0,15.0
2018-10-01,382.290009,4755700.0,0.0,0.0,0.0,0.0,0.0,0.0,0.0,0.0,0.0,0.0,0.0,17.0
2018-10-02,386.369995,4622600.0,0.0,0.0,0.0,0.0,0.0,0.0,0.0,0.0,0.0,0.0,0.0,8.0
2018-10-03,392.299988,4794300.0,0.0,0.0,0.0,0.0,0.0,0.0,0.0,0.0,0.0,0.0,0.0,14.0
2018-10-04,389.98999,3822300.0,0.0,0.0,0.0,0.0,0.0,0.0,0.0,0.0,0.0,0.0,0.0,16.333333333333332
2018-10-05,386.470001,2899700.0,0.0,0.0,0.0,0.0,0.0,0.0,0.0,0.0,0.0,0.0,0.0,15.0
2018-10-08,385.769989,3324000.0,0.0,0.0,0.0,0.0,0.0,0.0,0.04545454545454545,0.0,0.0,0.0,0.0,12.0
2018-10-09,385.440002,2862700.0,0.0,0.0,0.0,0.0,0.0,0.0,0.0,0.0,0.0,0.0,0.0,9.0
2018-10-10,367.47000099999997,6033100.0,0.0,0.0,0.0,0.0,0.0,0.0,0.0,0.0,0.0,0.0,0.0,8.333333333333334
2018-10-15,358.880005,2979800.0,0.0,0.0,0.0,0.0,0.0,0.0,0.0,0.0,0.0,0.0,0.0,13.75
2018-10-16,368.25,2822500.0,0.0,0.0,0.0,0.0,0.0,0.0,0.0,0.0,0.0,0.0,0.0,11.25
2018-10-17,365.5,2238200.0,0.0,0.0,0.00469842657342657,0.0,0.00469842657342657,0.0,0.0,0.0,0.0,0.0,0.0,11.692307692307692
2018-10-18,359.350006,3254900.0,0.0,0.0,0.0,0.0,0.0,0.0,0.0,0.0,0.0,0.0,0.0,11.0
2018-10-19,356.26001,3491600.0,0.006944444444444434,0.0,0.006944444444444434,0.0,0.006944444444444434,0.0,0.0,0.0,0.0,0.0,0.0,9.666666666666666
2018-10-23,350.049988,4389600.0,0.0,0.0,0.0,0.0,0.0,0.0,0.0,0.0,0.0,0.0,0.0,8.5
2018-10-24,354.64999400000005,8442600.0,0.0,0.0,0.0,0.0,0.0,0.0,0.0,0.0,0.0,0.0,0.0,9.333333333333334
2018-10-25,363.769989,4003500.0,0.0,0.0,0.0,0.025,0.0,0.0,0.0,0.0,0.0,0.0,0.0,10.8
2018-10-26,359.269989,4073000.0,0.0,0.0,0.0,0.0,0.0,0.0,0.0,0.0,0.0,0.0,0.0,11.0
2018-10-29,335.5899959999999,7462000.0,0.0,0.0,0.0,0.0015977443609022526,0.0,0.000501253132832079,0.000501253132832079,0.000501253132832079,0.0,0.0015977443609022526,0.0,13.894736842105264
2018-10-30,349.91000399999996,5774000.0,0.0,0.0,0.0,0.00217391304347826,0.0,0.0,0.0,0.0,0.0,0.00217391304347826,0.0,14.1
2018-10-31,354.859985,4175600.0,0.0,0.0,0.0,0.0,0.0,0.0,0.0,0.0,0.0,0.0,0.0,9.0
2018-11-01,363.070007,3760700.0,0.0,0.0,0.0,0.0,0.0,0.0,0.0,0.0,0.0,0.0,0.0,10.0
2018-11-05,361.980011,2253900.0,0.0,0.0,0.0,0.0068965517241379,0.0,0.00344827586206895,0.0,0.0,0.00344827586206895,0.00344827586206895,0.0,16.0
2018-11-06,366.4700010000001,2471900.0,0.0,0.0,0.0,0.0,0.0,0.0,0.0,0.0,0.0,0.0,0.0,10.0
2018-11-07,372.019989,4015300.0,0.0,0.0,0.0,0.0,0.0,0.0,0.0,0.0,0.0,0.0,0.0,18.5
2018-11-08,370.76998900000007,2751800.0,0.0,0.0,0.0,0.0,0.0,0.0,0.0,0.0,0.0,0.0,0.0,10.666666666666666
2018-11-09,369.339996,2590300.0,0.0,0.0,0.0,0.0,0.0,0.0,0.0,0.0,0.0,0.0,0.0,15.0
2018-11-12,357.029999,3088700.0,0.0,0.0,0.0,0.0,0.0,0.0,0.0,0.0,0.0,0.0,0.0,11.0
2018-11-13,349.51001,4960000.0,0.0,0.0,0.0,0.0,0.0,0.0,0.0,0.0,0.0,0.0,0.0,9.0
2018-11-14,344.72000099999997,3445800.0,0.0,0.0,0.0,0.0,0.0,0.0,0.0,0.0,0.0,0.0,0.0,12.666666666666666
2018-11-19,320.940002,6782800.0,0.0,0.0,0.0,0.0,0.0,0.0,0.0,0.0,0.0,0.0,0.0,9.0
2018-11-20,317.700012,6875900.0,0.0,0.0,0.0,0.0,0.0,0.0,0.0,0.0,0.0,0.0,0.0,8.0
2018-11-21,317.320007,4401000.0,0.0,0.0,0.0,0.0,0.0,0.0,0.0,0.0,0.0,0.0,0.0,12.0
2018-11-26,316.359985,3362300.0,0.0,0.0,0.0,0.0,0.0,0.0,0.0,0.0,0.0,0.0,0.0,22.666666666666668
2018-11-27,318.029999,2946400.0,0.0,0.0,0.0,0.0,0.0,0.0,0.0,0.0,0.0,0.0,0.0,7.0
2018-11-28,333.5,6117600.0,0.0,0.0,0.0,0.0,0.0,0.0,0.0,0.0,0.0,0.0,0.0,10.5
2018-11-29,342.559998,5331900.0,0.0,0.0,0.0,0.0,0.0,0.0,0.0,0.0,0.0,0.0,0.0,11.0
2018-11-30,346.76001,5374000.0,0.0,0.0,0.0,0.0,0.0,0.0,0.0,0.0,0.0,0.0,0.0,26.0
2018-12-03,359.959991,6573400.0,0.0,0.0,0.0,0.0,0.0,0.0,0.0,0.0,0.0,0.0,0.0,11.5
2018-12-04,342.5,5199100.0,0.0,0.0,0.0,0.0,0.0,0.0,0.0,0.0,0.0,0.0,0.0,3.0
2018-12-06,331.899994,9297400.0,0.0,0.0,0.0,0.0,0.0,0.0,0.0,0.0,0.0,0.0,0.0,11.666666666666666
2018-12-07,323.220001,4526300.0,0.0,0.0,0.0,0.00666666666666665,0.0,0.00666666666666665,0.00666666666666665,0.00666666666666665,0.0,0.00666666666666665,0.0,9.0
2018-12-10,326.350006,4400500.0,0.0,0.0,0.0,0.0,0.0,0.0,0.0,0.0,0.0,0.0,0.0,10.0
2018-12-11,322.029999,3566400.0,0.0,0.0,0.0,0.0,0.0,0.0,0.0,0.0,0.0,0.0,0.0,13.0
2018-12-12,326.690002,3424800.0,0.0,0.0,0.0,0.0015625,0.0,0.0015625,0.0015625,0.0015625,0.0,0.0015625,0.0,16.5
2018-12-14,318.75,3298400.0,0.0,0.0,0.0,0.0,0.0,0.0,0.0,0.0,0.0,0.0,0.0,11.0
2018-12-17,316.130005,4968400.0,0.0,0.0,0.0,0.0,0.0,0.0,0.0,0.0,0.0,0.0,0.0,12.75
2018-12-18,328.059998,5881100.0,0.0,0.0,0.0,0.0,0.0,0.0,0.0,0.0,0.0,0.0,0.0,10.0
2018-12-20,313.049988,5368600.0,0.0,0.0,0.0,0.01376376376376375,0.0,0.004629629629629616,0.0,0.0,0.0,0.0,0.0,13.333333333333334
2018-12-24,294.160004,3435300.0,0.0,0.0,0.0,0.0,0.0,0.0,0.0,0.0,0.0,0.0,0.0,3.0
2018-12-26,313.929993,4843400.0,0.0,0.0,0.0,0.0,0.0,0.0,0.0,0.0,0.0,0.0,0.0,7.0
2018-12-31,322.5,3557700.0,0.0,0.0,0.0,0.0,0.0,0.0,0.0,0.0,0.0,0.0,0.0,7.0
2019-01-02,323.809998,3292200.0,0.0,0.0,0.0285714285714285,0.0142857142857142,0.0142857142857142,0.0142857142857142,0.0,0.0,0.0,0.0,0.0,14.0
2019-01-03,310.899994,5705600.0,0.0,0.0,0.0,0.0,0.0,0.0,0.0,0.0,0.0,0.0,0.0,10.0
2019-01-04,327.079987,4448800.0,0.0,0.0,0.0,0.0,0.0,0.0,0.0,0.0,0.0,0.0,0.0,3.0
2019-01-07,328.109985,4030300.0,0.0,0.0,0.0,0.0,0.0,0.0,0.0,0.0,0.0,0.0,0.0,8.0
2019-01-08,340.529999,4736500.0,0.0,0.0,0.0,0.045,0.0,0.02,0.0,0.0,0.0,0.0,0.0,12.0
2019-01-09,343.829987,4213900.0,0.0,0.0,0.0,0.0,0.0,0.0,0.0,0.0,0.0,0.0,0.0,9.0
2019-01-10,352.609985,5358100.0,0.0,0.0,0.0,0.0,0.0,0.0,0.0,0.0,0.0,0.0,0.0,9.0
2019-01-14,350.359985,2476400.0,0.0,0.0,0.0,0.0,0.0,0.0,0.0,0.0,0.0,0.0,0.0,15.0
2019-01-15,352.23999,2940900.0,0.0,0.0,0.0,0.0,0.0,0.0,0.0,0.0,0.0,0.0,0.0,13.0
2019-01-16,352.05999800000006,2731100.0,0.001984126984126978,0.0,0.001984126984126978,0.013095238095238089,0.001984126984126978,0.013095238095238089,0.001984126984126978,0.001984126984126978,0.0,0.001984126984126978,0.0,12.666666666666666
2019-01-18,364.730011,4256500.0,0.0,0.0,0.0,0.0,0.0,0.0,0.0,0.0,0.0,0.0,0.0,10.0
2019-01-22,357.899994,4336500.0,0.0,0.0,0.0,0.0035714285714285718,0.0,0.0035714285714285718,0.0,0.0,0.0,0.0,0.0,12.357142857142858
2019-01-23,358.609985,2924900.0,0.0,0.0,0.0,0.003968253968253964,0.0,0.007936507936507936,0.003968253968253964,0.0,0.0,0.0,0.0,10.5
2019-01-24,358.26998899999995,2801300.0,0.0,0.0,0.0052910052910052855,0.0052910052910052855,0.0052910052910052855,0.0,0.0,0.0,0.0,0.0,0.0,10.428571428571429
2019-01-25,364.200012,3185600.0,0.0,0.0,0.0,0.0,0.0,0.0,0.0,0.0,0.0,0.0,0.0,12.0
2019-01-28,362.970001,3128900.0,0.0,0.0,0.0,0.0,0.0,0.0,0.0,0.0,0.0,0.0,0.0,14.0
2019-01-30,387.720001,12705300.0,0.0,0.0,0.0,0.0,0.0,0.0,0.0,0.0,0.0,0.0,0.0,12.0
2019-02-01,387.429993,5625700.0,0.0,0.0,0.0,0.0,0.0,0.0,0.0,0.0,0.0,0.0,0.0,10.0
2019-02-05,410.179993,7230400.0,0.0,0.0,0.0,0.0,0.0,0.0,0.0,0.0,0.0,0.0,0.0,6.0
2019-02-06,411.109985,5356000.0,0.008333333333333333,0.02685185185185183,0.008333333333333333,0.0185185185185185,0.008333333333333333,0.0,0.0,0.0,0.0,0.0,0.0,8.0
2019-02-07,405.170013,5211400.0,0.0,0.0128205128205128,0.0128205128205128,0.0,0.0,0.0313390313390313,0.0185185185185185,0.0,0.0,0.0185185185185185,0.0,11.0
2019-02-08,404.910004,4570900.0,0.0,0.0,0.0,0.0,0.0,0.0,0.0,0.0,0.0,0.0,0.0,8.0
2019-02-15,417.970001,4017300.0,0.0,0.0,0.0,0.0,0.0,0.0,0.0,0.0,0.0,0.0,0.0,10.0
2019-02-19,416.26001,3051500.0,0.0,0.0,0.0,0.0,0.0,0.0,0.0,0.0,0.0,0.0,0.0,8.0
2019-02-20,421.549988,3990100.0,0.0,0.0,0.0,0.0,0.0,0.0,0.0,0.0,0.0,0.0,0.0,12.0
2019-02-25,426.869995,3276100.0,0.0,0.0,0.0151515151515151,0.0303030303030303,0.0151515151515151,0.0151515151515151,0.0151515151515151,0.0,0.0,0.0,0.0,11.0
2019-03-04,432.690002,5971000.0,0.0,0.0,0.0,0.0,0.0,0.0,0.0,0.0,0.0,0.0,0.0,11.0
2019-03-05,430.119995,2844300.0,0.0,0.0,0.0,0.0,0.0,0.0,0.0,0.0,0.0,0.0,0.0,10.0
2019-03-06,424.459991,4159400.0,0.0,0.0,0.0,0.04545454545454545,0.0,0.0,0.0,0.0,0.0,0.0,0.0,13.0
2019-03-07,422.559998,4893600.0,0.0,0.0,0.0,0.0,0.0,0.0,0.0,0.0,0.0,0.0,0.0,11.0
2019-03-08,422.540009,3794900.0,0.0,0.0,0.0,0.0,0.0,0.0,0.0,0.0,0.0,0.0,0.0,13.5
2019-03-11,400.01001,34742200.0,0.0,0.0,0.0,0.0,0.0,0.0,0.0,0.0,0.0,0.0,0.0,12.0
2019-03-12,375.410004,36922600.0,0.0,0.0,0.0,0.0,0.0,0.0,0.0,0.0,0.0,0.0,0.0,9.0
2019-03-14,373.299988,13514100.0,0.0,0.0,0.0,0.0,0.0,0.0,0.0,0.0,0.0,0.0,0.0,8.5
2019-03-18,372.279999,13119200.0,0.0,0.0,0.0,0.0,0.0,0.0,0.0,0.0,0.0,0.0,0.0,20.5
2019-03-19,373.429993,9856100.0,0.0,0.0,0.0,0.0,0.0,0.0,0.0,0.0,0.0,0.0,0.0,9.666666666666666
2019-03-20,376.160004,8737600.0,0.0,0.0,0.0,0.0,0.0,0.0,0.0,0.0,0.0,0.0,0.0,12.5
2019-03-22,362.170013,10143900.0,0.0303030303030303,0.0303030303030303,0.0,0.0,0.0,0.0,0.0303030303030303,0.0,0.0,0.0,0.0,11.0
2019-03-25,370.459991,7939600.0,0.00505050505050505,0.00505050505050505,0.0,0.0101010101010101,0.0,0.00505050505050505,0.0101010101010101,0.00505050505050505,0.0,0.00505050505050505,0.0,9.5
2019-03-26,370.380005,6479700.0,0.0,0.0,0.0454545454545454,0.0454545454545454,0.0,0.0,0.0,0.0,0.0,0.0,0.0,11.0
2019-03-27,374.209991,9600000.0,0.0,0.0,0.0,0.0,0.0,0.0,0.0,0.0,0.0,0.0,0.0,28.5
2019-03-28,374.440002,4921300.0,0.0,0.0,0.0,0.0,0.0,0.0,0.0,0.0,0.0,0.0,0.0,17.0
2019-04-02,390.75,6401000.0,0.00595238095238095,0.00595238095238095,0.0,0.0119047619047619,0.0,0.00595238095238095,0.00595238095238095,0.00595238095238095,0.0,0.0,0.0,11.0
2019-04-04,395.859985,9388100.0,0.0,0.0,0.0,0.0222222222222222,0.0,0.0,0.0,0.0,0.0,0.0,0.0,14.666666666666666
2019-04-05,391.929993,6857200.0,0.0,0.0,0.0,0.0,0.0,0.0,0.0,0.0,0.0,0.0,0.0,7.0
2019-04-08,374.51998900000007,14482600.0,0.0,0.0,0.0,0.0111111111111111,0.0,0.0111111111111111,0.0,0.0,0.0,0.0,0.0,11.333333333333334
2019-04-10,364.940002,8285000.0,0.0,0.0,0.0,0.0,0.0,0.0,0.0,0.0,0.0,0.0,0.0,23.0
2019-04-11,370.160004,6598400.0,0.0,0.0,0.0,0.0,0.0,0.0,0.0,0.0,0.0,0.0,0.0,11.75
2019-04-12,379.640015,7334600.0,0.0,0.0,0.0,0.0,0.0,0.0,0.0,0.0,0.0,0.0,0.0,10.0
2019-04-15,375.459991,3822100.0,0.0,0.0,0.0,0.0,0.0,0.0,0.0,0.0,0.0,0.0,0.0,13.5
2019-04-16,381.720001,7083800.0,0.0,0.0,0.0013736263736263692,0.0013736263736263692,0.0013736263736263692,0.0013736263736263692,0.0,0.0,0.0,0.0,0.0,11.538461538461538
2019-04-17,377.51998899999995,4424400.0,0.0,0.0,0.001515151515151509,0.001515151515151509,0.001515151515151509,0.001515151515151509,0.0,0.0,0.0,0.0,0.0,10.818181818181818
2019-04-18,380.070007,4703100.0,0.0,0.0,0.0,0.0,0.0,0.0,0.0,0.0,0.0,0.0,0.0,12.75
2019-04-22,375.170013,4147700.0,0.0,0.0,0.0,0.0,0.0,0.0,0.0,0.0,0.0,0.0,0.0,23.0
2019-04-23,374.019989,4894500.0,0.0,0.0,0.0,0.0,0.0,0.0,0.0,0.0,0.0,0.0,0.0,10.0
2019-04-25,382.799988,6615000.0,0.0,0.0,0.0,0.0,0.0,0.0,0.0,0.0,0.0,0.0,0.0,10.0
2019-04-26,380.790009,4259600.0,0.0,0.0,0.0,0.125,0.0,0.0,0.0,0.0,0.0,0.0,0.0,8.0
2019-04-30,377.690002,3732800.0,0.0,0.0,0.0,0.0,0.0,0.0,0.0,0.0,0.0,0.0,0.0,11.0
2019-05-06,371.600006,4747600.0,0.0,0.0,0.0,0.0,0.0,0.0,0.0,0.0,0.0,0.0,0.0,11.0
2019-05-08,359.75,6030000.0,0.0,0.0,0.0,0.0,0.0,0.0,0.0,0.0,0.0,0.0,0.0,22.0
2019-05-09,354.130005,6075200.0,0.0,0.0,0.00606060606060605,0.003030303030303,0.003030303030303,0.003030303030303,0.0,0.0,0.0,0.0,0.0,21.0
2019-05-10,354.670013,4574100.0,0.01298701298701295,0.01298701298701295,0.01298701298701295,0.0,0.00649350649350645,0.0,0.0,0.0,0.0,0.0,0.0,11.5
2019-05-13,337.369995,7757800.0,0.0030864197530864,0.0030864197530864,0.0061728395061728,0.0030864197530864,0.0061728395061728,0.0061728395061728,0.0,0.0,0.0,0.0,0.0,36.0
2019-05-14,343.040009,4747800.0,0.0,0.0,0.0,0.0,0.0,0.0,0.0,0.0,0.0,0.0,0.0,11.0
2019-05-15,345.640015,4810000.0,0.0,0.0,0.0,0.0,0.0,0.0,0.0,0.0,0.0,0.0,0.0,11.0
2019-05-16,353.809998,6036500.0,0.0,0.0,0.0,0.0,0.0,0.0,0.0,0.0,0.0,0.0,0.0,7.0
2019-05-21,358.75,4022600.0,0.0,0.0,0.0,0.0,0.0,0.0,0.0,0.0,0.0,0.0,0.0,16.0
2019-05-22,352.779999,3841400.0,0.0,0.0,0.0,0.0,0.0,0.0,0.0,0.0,0.0,0.0,0.0,10.0
2019-05-23,350.549988,5305400.0,0.0,0.0,0.00378787878787875,0.00757575757575755,0.00378787878787875,0.0,0.0,0.0,0.0,0.0,0.0,18.0
2019-05-28,354.880005,3504300.0,0.005050505050505034,0.005050505050505034,0.010101010101010067,0.010101010101010067,0.005050505050505034,0.005050505050505034,0.005050505050505034,0.005050505050505034,0.005050505050505034,0.005050505050505034,0.0,11.666666666666666
2019-05-29,348.799988,4160500.0,0.0,0.0,0.0032467532467532,0.00649350649350645,0.0032467532467532,0.00649350649350645,0.0032467532467532,0.0,0.0,0.0,0.0,15.0
2019-06-03,338.890015,5148000.0,0.0037037037037037,0.0037037037037037,0.0074074074074074,0.0037037037037037,0.0037037037037037,0.0037037037037037,0.0037037037037037,0.0037037037037037,0.0,0.0,0.0,9.666666666666666
2019-06-04,344.619995,3592300.0,0.0,0.0,0.0,0.0059523809523809,0.0,0.0178571428571428,0.0,0.0,0.0,0.0,0.0,42.0
2019-06-05,348.75,3188400.0,0.00909090909090905,0.00909090909090905,0.00909090909090905,0.0045454545454545,0.0,0.0045454545454545,0.0045454545454545,0.0,0.0,0.0045454545454545,0.0,11.0
2019-06-06,350.640015,2582300.0,0.0,0.0,0.0,0.0,0.0,0.0,0.0,0.0,0.0,0.0,0.0,10.25
2019-06-07,353.700012,2470700.0,0.037037037037037,0.0,0.037037037037037,0.0,0.037037037037037,0.0,0.0,0.0,0.0,0.0,0.0,9.0
2019-06-10,353.799988,2560800.0,0.0,0.0029761904761904,0.0029761904761904,0.0059523809523809,0.0,0.0029761904761904,0.0029761904761904,0.0029761904761904,0.0,0.0029761904761904,0.0,42.0
2019-06-12,347.029999,2738300.0,0.0,0.0,0.0,0.0,0.0,0.0,0.0,0.0,0.0,0.0,0.0,10.0
2019-06-13,348.859985,2621300.0,0.0,0.0,0.0,0.0,0.0,0.0,0.0,0.0,0.0,0.0,0.0,25.0
2019-06-17,354.899994,3746400.0,0.0,0.0,0.0,0.0,0.0,0.0,0.0,0.0,0.0,0.0,0.0,8.0
2019-06-18,373.959991,9199200.0,0.0,0.0,0.0,0.0,0.0,0.0,0.0,0.0,0.0,0.0,0.0,14.5
2019-06-19,368.559998,5716000.0,0.0,0.0,0.0,0.0,0.0,0.0,0.0,0.0,0.0,0.0,0.0,16.0
2019-06-20,374.880005,3794500.0,0.0,0.0,0.0,0.03125,0.0,0.03125,0.0,0.0,0.0,0.0,0.0,10.0
2019-06-21,371.839996,4923700.0,0.0,0.0,0.0,0.0,0.0,0.0,0.0,0.0,0.0,0.0,0.0,17.0
2019-06-25,369.320007,3005400.0,0.0,0.0,0.0,0.0,0.0,0.0,0.0,0.0,0.0,0.0,0.0,7.5
2019-06-27,364.019989,8980000.0,0.0,0.0,0.0,0.0303030303030303,0.0,0.0151515151515151,0.0151515151515151,0.0151515151515151,0.0,0.0151515151515151,0.0,11.0
2019-07-01,356.459991,6392600.0,0.0,0.0,0.0,0.0,0.0,0.0,0.0,0.0,0.0,0.0,0.0,8.0
2019-07-02,354.160004,3774700.0,0.0,0.0,0.0,0.037037037037037035,0.0,0.0,0.0,0.0,0.0,0.0,0.0,9.0
2019-07-03,354.470001,2164900.0,0.0,0.0,0.0,0.05555555555555555,0.0,0.0,0.0,0.0,0.0,0.0,0.0,8.5
2019-07-05,355.859985,3208200.0,0.0,0.0,0.0,0.0,0.0,0.0,0.0,0.0,0.0,0.0,0.0,13.0
2019-07-09,353.089996,4828200.0,0.0125,0.0,0.0,0.0,0.0,0.0,0.0,0.0,0.0,0.0,0.0,14.2
2019-07-10,352.299988,2946700.0,0.0,0.0,0.0,0.005208333333333325,0.0,0.01041666666666665,0.0,0.005208333333333325,0.0,0.0,0.0,11.0
2019-07-11,359.0,5059200.0,0.0,0.0,0.0,0.0416666666666666,0.0,0.0833333333333333,0.0,0.0,0.0,0.0,0.0,8.0
2019-07-12,365.329987,3592800.0,0.0,0.0,0.0,0.0,0.0,0.0,0.0,0.0,0.0,0.0,0.0,9.0
2019-07-15,361.609985,4814600.0,0.0,0.0,0.0,0.0,0.0,0.0,0.0,0.0,0.0,0.0,0.0,10.5
2019-07-16,362.75,2960400.0,0.0,0.0,0.0,0.0,0.0,0.0,0.0,0.0,0.0,0.0,0.0,28.0
2019-07-17,369.519989,4010000.0,0.0,0.0,0.0,0.006607495069033523,0.0,0.0014792899408284,0.0025641025641025615,0.0,0.0,0.0,0.0,12.384615384615385
2019-07-18,361.109985,4582800.0,0.0,0.0,0.0,0.0019230769230769201,0.0,0.0019230769230769201,0.0,0.0,0.0,0.0,0.0,12.2
2019-07-19,377.359985,9504000.0,0.0,0.0,0.0,0.0,0.0,0.0,0.0,0.0,0.0,0.0,0.0,9.0
2019-07-23,373.070007,3354900.0,0.0,0.0,0.0,0.0,0.0,0.0,0.0,0.0,0.0,0.0,0.0,14.0
2019-07-29,340.209991,4116600.0,0.0,0.0,0.0,0.0,0.0,0.0,0.0,0.0,0.0,0.0,0.0,6.0
2019-07-30,347.459991,4528000.0,0.0,0.0,0.0,0.0,0.0,0.0,0.0,0.0,0.0,0.0,0.0,10.0
2019-07-31,341.179993,5219700.0,0.0,0.0,0.0,0.0,0.0,0.0,0.0,0.0,0.0,0.0,0.0,9.0
2019-08-01,334.290009,6465300.0,0.0,0.0,0.0,0.00625,0.0,0.0,0.0,0.0,0.0,0.0,0.0,19.0
2019-08-02,339.559998,4675400.0,0.0,0.0,0.00095785440613025,0.0028735632183908,0.001915708812260525,0.001915708812260525,0.00095785440613025,0.0,0.0,0.0,0.0,20.5
2019-08-05,331.059998,5876100.0,0.00033692722371967147,0.0,0.0006738544474393429,0.007167360940945828,0.00033692722371967147,0.0025014293882218287,0.004329004329004329,0.0,0.00033692722371967147,0.0,0.0,15.571428571428571
2019-08-06,332.450012,3653300.0,0.0,0.0,0.0,0.0,0.0,0.0,0.0,0.0,0.0,0.0,0.0,15.75
2019-08-07,331.380005,4187600.0,0.0,0.0119047619047619,0.0119047619047619,0.0,0.0,0.0119047619047619,0.0,0.0,0.0,0.0,0.0,13.0
2019-08-09,337.549988,3102900.0,0.0,0.0,0.008888888888888866,0.004444444444444433,0.008888888888888866,0.0,0.0,0.0,0.0,0.0,0.0,15.333333333333334
2019-08-12,332.940002,2683400.0,0.0,0.0,0.0,0.013888888888888867,0.0,0.006944444444444434,0.006944444444444434,0.0,0.0,0.0,0.0,11.0
2019-08-15,328.0,4721800.0,0.0,0.0,0.0,0.0,0.0,0.0,0.0,0.0,0.0,0.0,0.0,11.0
2019-08-20,331.75,2039000.0,0.0,0.0,0.0,0.0,0.0,0.0,0.0,0.0,0.0,0.0,0.0,8.0
2019-08-21,339.98999,3265600.0,0.0,0.0,0.0,0.0,0.0,0.0,0.0,0.0,0.0,0.0,0.0,10.5
2019-08-23,356.01001,11518700.0,0.0015432098765432,0.0,0.0030864197530864,0.0046296296296296,0.0015432098765432,0.0015432098765432,0.0,0.0,0.0015432098765432,0.0,0.0,19.5
2019-09-03,354.420013,4272200.0,0.0,0.0,0.0,0.0,0.0,0.0,0.0,0.0,0.0,0.0,0.0,10.0
2019-09-04,356.529999,2737100.0,0.0,0.0,0.0,0.0,0.0,0.0,0.0,0.0,0.0,0.0,0.0,9.0
2019-09-05,360.299988,3643300.0,0.0,0.0,0.0,0.0,0.0,0.0,0.0,0.0,0.0,0.0,0.0,27.666666666666668
2019-09-09,358.779999,4183300.0,0.0,0.0,0.074074074074074,0.0,0.037037037037037,0.0,0.0,0.0,0.0,0.0,0.0,9.0
2019-09-10,369.48999,4547200.0,0.0,0.0,0.0,0.05,0.0,0.0,0.0,0.0,0.0,0.0,0.0,10.5
2019-09-11,382.940002,8437000.0,0.0,0.0,0.0,0.0,0.0,0.0,0.0,0.0,0.0,0.0,0.0,9.666666666666666
2019-09-18,386.410004,4186400.0,0.0,0.0,0.0,0.0,0.0,0.0,0.0,0.0,0.0,0.0,0.0,10.4
2019-09-23,377.029999,2674900.0,0.0,0.0,0.0,0.0,0.0,0.0,0.0,0.0,0.0,0.0,0.0,10.0
2019-09-24,381.649994,3533300.0,0.0,0.0,0.0,0.0,0.0,0.0,0.0,0.0,0.0,0.0,0.0,8.5
2019-09-25,386.200012,4705500.0,0.0,0.0,0.0,0.0,0.0,0.0,0.0,0.0,0.0,0.0,0.0,10.0
2019-09-26,386.890015,2520400.0,0.0,0.0,0.0,0.0,0.0,0.0,0.0,0.0,0.0,0.0,0.0,7.0
2019-09-27,382.859985,2730800.0,0.0,0.0,0.0,0.0,0.0,0.0,0.0,0.0,0.0,0.0,0.0,19.0
2019-10-01,374.940002,2943800.0,0.0,0.0,0.007843137254901933,0.0039215686274509665,0.0039215686274509665,0.0039215686274509665,0.0,0.0,0.0,0.0,0.0,12.666666666666666
2019-10-03,372.070007,2623900.0,0.0,0.0,0.0,0.0,0.0,0.0,0.0,0.0,0.0,0.0,0.0,6.0
2019-10-04,375.700012,2008400.0,0.0,0.0,0.0,0.0,0.0,0.0,0.0,0.0,0.0,0.0,0.0,9.0
2019-10-07,376.540009,1931800.0,0.0,0.0,0.0,0.0,0.0,0.0,0.0,0.0,0.0,0.0,0.0,10.0
2019-10-08,374.100006,4030200.0,0.0,0.0,0.0,0.0,0.0,0.0,0.0,0.0,0.0,0.0,0.0,7.0
2019-10-10,371.0,2723700.0,0.0,0.0,0.0,0.0,0.0,0.0,0.0,0.0,0.0,0.0,0.0,10.0
2019-10-11,374.920013,3935400.0,0.0,0.0,0.0,0.04166666666666665,0.0,0.0,0.0,0.0,0.0,0.0,0.0,11.5
2019-10-14,373.179993,2124500.0,0.0,0.0,0.0,0.0,0.0,0.0,0.0,0.0,0.0,0.0,0.0,13.5
2019-10-15,370.959991,2836600.0,0.0,0.0,0.0,0.0,0.0,0.0,0.0,0.0,0.0,0.0,0.0,11.0
2019-10-16,372.429993,3657100.0,0.0,0.0,0.0050705467372133915,0.0008818342151675416,0.002755731922398575,0.0008818342151675416,0.00044091710758376664,0.0,0.0,0.0,0.0,12.25
2019-10-17,369.05999799999995,2397100.0,0.0,0.00016469038208168638,0.0007290757661310956,0.0010932126174221,0.0007290757661310956,0.0007993900039354546,0.00039969500196772274,0.0,0.0,0.0,0.0,14.636363636363637
2019-10-18,344.0,13544300.0,0.0,0.0,0.0,0.0,0.0,0.0,0.0,0.0,0.0,0.0,0.0,6.0
2019-10-21,331.059998,15493100.0,0.0,0.0008960573476702499,0.0,0.0017921146953404998,0.0,0.0017921146953404998,0.0,0.0008960573476702499,0.0,0.0,0.0,13.333333333333334
2019-10-22,337.0,7949700.0,0.0,0.0,0.0,0.0,0.0,0.0,0.0,0.0,0.0,0.0,0.0,8.0
2019-10-23,340.5,10960800.0,0.0,0.0,0.0,0.0,0.0,0.0,0.0,0.0,0.0,0.0,0.0,10.666666666666666
2019-10-25,339.829987,4058000.0,0.0,0.0,0.0,0.0,0.0,0.0,0.0,0.0,0.0,0.0,0.0,10.0
2019-10-28,340.880005,3234500.0,0.0,0.0,0.0,0.0,0.0,0.0,0.0,0.0,0.0,0.0,0.0,10.0
2019-10-29,348.929993,6113600.0,0.0,0.0,0.0,0.00925925925925925,0.0,0.004629629629629625,0.00925925925925925,0.004629629629629625,0.0,0.0,0.0,17.0
2019-10-30,346.059998,3997600.0,0.0,0.0,0.0,0.0,0.0,0.0,0.0,0.0,0.0,0.0,0.0,12.0
2019-11-05,358.290009,5468900.0,0.0,0.0,0.0,0.0,0.0,0.0,0.0,0.0,0.0,0.0,0.0,5.0
2019-11-06,354.190002,3815700.0,0.0,0.0,0.0,0.0,0.0,0.0,0.0,0.0,0.0,0.0,0.0,16.0
2019-11-11,366.959991,11483400.0,0.0,0.0,0.0,0.0,0.0,0.0,0.0,0.0,0.0,0.0,0.0,13.0
2019-11-14,367.440002,5339600.0,0.0,0.0,0.0,0.0,0.0,0.0,0.0,0.0,0.0,0.0,0.0,10.333333333333334
2019-11-19,367.0,6670200.0,0.0,0.0,0.0,0.0,0.0,0.0,0.0,0.0,0.0,0.0,0.0,14.0
2019-11-20,370.910004,3774800.0,0.0,0.0,0.0,0.012820512820512801,0.0,0.012820512820512801,0.0,0.0,0.0,0.0,0.0,12.333333333333334
2019-11-22,371.339996,3915700.0,0.0,0.0,0.0,0.0,0.0,0.0,0.0,0.0,0.0,0.0,0.0,13.0
2019-11-27,368.0,4145000.0,0.0,0.0,0.0,0.0,0.0,0.0,0.0,0.0,0.0,0.0,0.0,9.0
2019-11-29,366.179993,1390900.0,0.0,0.0,0.0,0.0,0.0,0.0,0.0,0.0,0.0,0.0,0.0,11.0
2019-12-02,355.179993,4794500.0,0.0,0.0,0.0,0.0,0.0,0.0,0.0,0.0,0.0,0.0,0.0,10.0
2019-12-05,345.679993,4719600.0,0.0,0.0,0.0,0.0,0.0,0.0,0.0,0.0,0.0,0.0,0.0,15.0
2019-12-06,354.089996,2856100.0,0.0,0.0,0.0,0.0555555555555555,0.0,0.0555555555555555,0.0,0.0,0.0,0.0,0.0,9.0
2019-12-09,351.209991,2844600.0,0.0,0.0,0.0,0.0,0.0,0.0,0.0,0.0,0.0,0.0,0.0,10.0
2019-12-10,347.899994,2920900.0,0.0,0.0,0.0,0.0,0.0,0.0,0.0,0.0,0.0,0.0,0.0,13.5
2019-12-12,346.290009,5970000.0,0.0,0.0,0.0,0.0,0.0,0.0,0.0,0.0,0.0,0.0,0.0,13.0
2019-12-13,341.670013,4526300.0,0.0,0.0,0.0,0.0,0.0,0.0,0.0,0.0,0.0,0.0,0.0,14.0
2019-12-18,330.679993,7029300.0,0.0227272727272727,0.0,0.0227272727272727,0.0,0.0,0.0,0.0,0.0,0.0,0.0,0.0,12.0
2019-12-19,333.5,5492600.0,0.0151515151515151,0.0,0.0,0.0151515151515151,0.0,0.0151515151515151,0.0151515151515151,0.0151515151515151,0.0,0.0151515151515151,0.0,11.0
2019-12-30,326.399994,4525500.0,0.0,0.0,0.0,0.0,0.0,0.0,0.0,0.0,0.0,0.0,0.0,37.0
2020-01-02,333.320007,4544400.0,0.0,0.0,0.0,0.0,0.0,0.0,0.0,0.0,0.0,0.0,0.0,14.0
2020-01-03,332.76001,3875900.0,0.0,0.0,0.0,0.0,0.0,0.0,0.0,0.0,0.0,0.0,0.0,9.0
2020-01-06,333.73999,5355000.0,0.0,0.0,0.0,0.0,0.0,0.0,0.0,0.0,0.0,0.0,0.0,9.0
2020-01-08,331.369995,8239200.0,0.0,0.0,0.0,0.0,0.0,0.0,0.0,0.0,0.0,0.0,0.0,14.0
2020-01-09,336.339996,8175600.0,0.0,0.0,0.0,0.0,0.0,0.0,0.0,0.0,0.0,0.0,0.0,11.0
2020-01-10,329.920013,7161700.0,0.0,0.0,0.0,0.0,0.0,0.0,0.0,0.0,0.0,0.0,0.0,7.0
2020-01-13,330.220001,5648500.0,0.008333333333333333,0.008333333333333333,0.0,0.008333333333333333,0.0,0.0,0.0,0.0,0.0,0.008333333333333333,0.0,11.666666666666666
2020-01-14,332.350006,6945300.0,0.0019841269841269667,0.010770975056689334,0.010770975056689334,0.008786848072562333,0.010770975056689334,0.008786848072562333,0.010770975056689334,0.008786848072562333,0.0,0.0,0.0,10.333333333333334
2020-01-15,329.799988,4578300.0,0.0,0.0,0.0,0.0,0.0,0.0,0.0,0.0,0.0,0.0,0.0,11.333333333333334
2020-01-16,332.0,4024100.0,0.0,0.0,0.0,0.0,0.0,0.0,0.0,0.0,0.0,0.0,0.0,6.0
2020-01-17,324.149994,11061700.0,0.0,0.0,0.0,0.0,0.0,0.0,0.0,0.0,0.0,0.0,0.0,14.0
2020-01-21,313.369995,19318000.0,0.0,0.0,0.0,0.0065987460815046944,0.0,0.0015987460815046948,0.0021630094043887096,0.0009090909090909051,0.0,0.0,0.0,11.3
2020-01-22,309.0,18792600.0,0.0,0.0,0.0,0.0009876543209876533,0.0,0.0009876543209876533,0.0004938271604938266,0.0,0.0,0.0,0.0,10.866666666666667
2020-01-23,317.790009,9702100.0,0.0,0.0,0.0,0.0,0.0,0.0,0.0,0.0,0.0,0.0,0.0,11.833333333333334
2020-01-24,323.049988,17798200.0,0.0,0.0,0.0,0.0,0.0,0.0,0.0,0.0,0.0,0.0,0.0,14.0
2020-01-27,316.600006,7468100.0,0.0,0.0,0.0,0.0,0.0,0.0,0.0,0.0,0.0,0.0,0.0,11.0
2020-01-28,316.559998,5502200.0,0.0,0.0,0.0,0.0,0.0,0.0,0.0,0.0,0.0,0.0,0.0,8.333333333333334
2020-01-29,322.019989,12454700.0,0.0,0.0,0.0,0.0,0.0,0.0,0.0,0.0,0.0,0.0,0.0,13.6
2020-01-30,323.299988,6022000.0,0.0,0.0,0.0,0.01,0.0,0.01,0.01,0.01,0.0,0.01,0.0,19.5
2020-01-31,318.26998900000007,4999600.0,0.0,0.0010416666666666651,0.0,0.0010416666666666651,0.0,0.0016666666666666648,0.0016666666666666648,0.0010416666666666651,0.0,0.0010416666666666651,0.0,10.7
2020-02-03,316.0,4841800.0,0.0,0.0,0.0,0.0,0.0,0.0,0.0,0.0,0.0,0.0,0.0,7.5
2020-02-04,317.940002,3779800.0,0.0,0.0,0.0,0.0,0.0,0.0,0.0,0.0,0.0,0.0,0.0,16.0
2020-02-05,329.549988,6071800.0,0.0,0.0,0.0010964912280701667,0.0010964912280701667,0.0,0.0,0.0010964912280701667,0.0010964912280701667,0.0,0.0,0.0,13.666666666666666
2020-02-06,341.429993,12845500.0,0.0,0.0,0.0,0.0,0.0,0.0,0.0,0.0,0.0,0.0,0.0,11.4
2020-02-07,336.75,5337800.0,0.0,0.0,0.0,0.0,0.0,0.0,0.0,0.0,0.0,0.0,0.0,12.75
2020-02-10,344.670013,5876400.0,0.0,0.0,0.0,0.007575757575757566,0.0,0.0,0.002525252525252517,0.0,0.0,0.0,0.0,19.5
2020-02-11,344.420013,5311500.0,0.0,0.0,0.0,0.0,0.0,0.0,0.0,0.0,0.0,0.0,0.0,10.0
2020-02-12,347.450012,4421500.0,0.0,0.0,0.0,0.0,0.0,0.0,0.0,0.0,0.0,0.0,0.0,9.0
2020-02-24,317.899994,6073200.0,0.0026737967914438,0.0026737967914438,0.0080213903743315,0.0080213903743315,0.0026737967914438,0.0026737967914438,0.0,0.0026737967914438,0.0,0.0,0.0,34.0
2020-02-25,304.140015,8052500.0,0.0,0.0,0.0,0.0,0.0,0.0,0.0,0.0,0.0,0.0,0.0,13.0
2020-02-28,275.109985,15364300.0,0.00189393939393935,0.00189393939393935,0.00568181818181815,0.00189393939393935,0.00378787878787875,0.0,0.0,0.0,0.0,0.0,0.0,20.0
2020-03-03,280.619995,7499300.0,0.0023148148148148,0.0046296296296296,0.0069444444444444,0.0046296296296296,0.0069444444444444,0.0023148148148148,0.0,0.0,0.0,0.0,0.0,36.0
2020-03-04,283.119995,6986100.0,0.0,0.0,0.0,0.0,0.0,0.0,0.0,0.0,0.0,0.0,0.0,9.0
2020-03-05,260.369995,14669100.0,0.0018181818181818,0.0018181818181818,0.0036363636363636,0.0036363636363636,0.0018181818181818,0.0018181818181818,0.0036363636363636,0.0,0.0,0.0018181818181818,0.0,16.0
2020-03-06,262.329987,12861800.0,0.0,0.0,0.00297619047619045,0.00595238095238095,0.00297619047619045,0.00595238095238095,0.00297619047619045,0.0,0.0,0.0,0.0,15.5
2020-03-09,227.169998,11585500.0,0.0,0.00168918918918915,0.00506756756756755,0.00168918918918915,0.00337837837837835,0.0,0.0,0.0,0.0,0.00168918918918915,0.0,25.0
2020-03-10,231.009995,13059600.0,0.0,0.0,0.0,0.0256410256410256,0.0,0.0,0.0,0.0,0.0,0.0,0.0,39.0
2020-03-11,189.080002,28503500.0,0.0,0.0,0.0131578947368421,0.006578947368421,0.006578947368421,0.0,0.0,0.0,0.0,0.0,0.0,38.0
2020-03-12,154.839996,31734400.0,0.0010288065843621333,0.0010288065843621333,0.004115226337448533,0.0010288065843621333,0.0010288065843621333,0.0,0.0,0.0,0.0,0.0010288065843621333,0.0,18.0
2020-03-13,170.199997,21168500.0,0.0,0.0018018018018017999,0.0018018018018017999,0.0018018018018017999,0.0018018018018017999,0.0,0.0,0.0,0.0,0.0018018018018017999,0.0,19.666666666666668
2020-03-16,129.610001,26844400.0,0.0095693779904306,0.0047846889952153,0.0191387559808612,0.0095693779904306,0.0047846889952153,0.0,0.0,0.0,0.0,0.0047846889952153,0.0,19.0
2020-03-17,124.139999,54492200.0,0.0,0.00285714285714285,0.00285714285714285,0.00285714285714285,0.00285714285714285,0.0,0.0,0.0,0.0,0.00285714285714285,0.0,22.5
2020-03-18,101.889999,61943200.0,0.0030864197530864,0.0030864197530864,0.0123456790123456,0.0030864197530864,0.0030864197530864,0.0,0.0,0.0,0.0,0.0030864197530864,0.0,36.0
2020-03-19,97.709999,40210600.0,0.0021739130434782,0.0021739130434782,0.008695652173913,0.0043478260869565,0.0021739130434782,0.0,0.0,0.0,0.0,0.0021739130434782,0.0,46.0
2020-03-23,105.620003,46140100.0,0.0007880906649716333,0.00021786492374726665,0.0017106772236730999,0.0007880906649716333,0.0011404514824487333,0.0007880906649716333,0.0007880906649716333,0.00057022574122435,0.0,0.0007880906649716333,0.0,20.833333333333332
2020-03-24,127.68,43683100.0,0.0,0.0,0.0,0.01428571428571425,0.0,0.0095238095238095,0.0,0.0,0.0,0.0,0.0,17.0
2020-03-25,158.729996,77826000.0,0.0,0.0,0.0,0.0,0.0,0.0,0.0,0.0,0.0,0.0,0.0,13.5
2020-03-27,162.0,47880200.0,0.0020833333333333,0.0,0.0041666666666666,0.00625,0.0020833333333333,0.0041666666666666,0.0020833333333333,0.0020833333333333,0.0,0.0020833333333333,0.0,40.0
2020-03-30,152.279999,51052500.0,0.0,0.0,0.0,0.0072463768115942,0.0,0.0036231884057971,0.0036231884057971,0.0,0.0,0.0,0.0,13.333333333333334
2020-04-01,130.699997,41899700.0,0.0,0.0013586956521739,0.0040760869565217,0.0040760869565217,0.0027173913043478,0.0027173913043478,0.0040760869565217,0.0013586956521739,0.0,0.0013586956521739,0.0,46.0
2020-04-06,148.770004,51085500.0,0.0,0.0,0.0046082949308755,0.0092165898617511,0.0,0.0046082949308755,0.0046082949308755,0.0046082949308755,0.0,0.0046082949308755,0.0,31.0
2020-04-07,141.580002,56699100.0,0.0,0.0,0.0,0.0027777777777777666,0.0,0.0013888888888888666,0.0013888888888888666,0.0013888888888888666,0.0,0.0013888888888888666,0.0,21.333333333333332
2020-04-08,146.869995,41351000.0,0.0,0.0,0.0,0.0,0.0,0.0,0.0,0.0,0.0,0.0,0.0,10.0
2020-04-14,141.0,33970500.0,0.0,0.0,0.0,0.0,0.0,0.0,0.0,0.0,0.0,0.0,0.0,13.0
2020-04-15,145.979996,39297600.0,0.0,0.0007142857142857,0.00285714285714285,0.0007142857142857,0.002142857142857125,0.0,0.0007142857142857,0.0,0.0,0.0,0.0,18.0
2020-04-17,154.0,52389400.0,0.0,0.0,0.0,0.0075,0.0,0.0,0.0025,0.0025,0.0,0.0,0.0,27.0
2020-04-20,143.610001,34983800.0,0.0,0.0,0.0,0.0,0.0,0.0,0.0,0.0,0.0,0.0,0.0,10.5
2020-04-21,136.33000199999998,27043800.0,0.0,0.0,0.0016505636070853402,0.0017122920021470733,0.0016505636070853402,0.0012184648416532467,0.0,0.0,0.0,0.0,0.0,16.733333333333334
2020-04-22,134.970001,22734500.0,0.0,0.0,0.0,0.0,0.0,0.0,0.0,0.0,0.0,0.0,0.0,15.0
2020-04-28,131.300003,37806900.0,0.0,0.0,0.0,0.0,0.0,0.0,0.0,0.0,0.0,0.0,0.0,8.0
2020-04-29,139.0,60454400.0,0.0,0.0,0.0,0.0,0.0,0.0,0.0,0.0,0.0,0.0,0.0,18.0
2020-05-01,133.369995,36613100.0,0.0,0.0,0.0111111111111111,0.0055555555555555,0.0055555555555555,0.0,0.0,0.0,0.0,0.0,0.0,45.0
2020-05-11,128.910004,20055400.0,0.0,0.0,0.0,0.0,0.0,0.0,0.0,0.0,0.0,0.0,0.0,13.0
2020-05-12,125.220001,22579000.0,0.0,0.0,0.0,0.0,0.0,0.0,0.0,0.0,0.0,0.0,0.0,12.0
2020-05-13,121.5,26002000.0,0.0,0.0004859086491739333,0.0014577259475218333,0.0014577259475218333,0.0009718172983479,0.0019436345966958,0.0004859086491739333,0.0,0.0,0.0,0.0,28.666666666666668
2020-05-18,135.440002,43781800.0,0.0,0.0,0.0,0.0177777777777777,0.0,0.0088888888888888,0.0044444444444444,0.0044444444444444,0.0,0.0044444444444444,0.0,25.0
2020-05-21,139.0,48263900.0,0.0,0.0,0.0,0.0,0.0,0.0,0.0,0.0,0.0,0.0,0.0,6.0
2020-05-22,137.529999,21098800.0,0.0,0.0,0.0,0.0,0.0,0.0,0.0,0.0,0.0,0.0,0.0,9.0
2020-05-26,144.729996,30338300.0,0.0,0.0,0.0,0.0208333333333333,0.0069444444444444,0.0,0.0,0.0,0.0,0.0,0.0,36.0
2020-05-27,149.520004,32799900.0,0.0,0.0,0.0,0.0,0.0,0.0,0.0,0.0,0.0,0.0,0.0,16.0
2020-06-03,173.160004,66486400.0,0.0,0.0,0.0,0.00279720279720275,0.0,0.00209790209790205,0.00209790209790205,0.00139860139860135,0.0,0.00069930069930065,0.0,35.0
2020-06-05,205.429993,99846000.0,0.0,0.0,0.0,0.0476190476190476,0.0,0.0,0.0,0.0,0.0,0.0,0.0,21.0
2020-06-09,216.740005,66688700.0,0.0,0.0,0.0013550135501355,0.002710027100271,0.0013550135501355,0.002710027100271,0.0013550135501355,0.0013550135501355,0.0,0.0013550135501355,0.0,29.5
2020-06-10,203.410004,90384900.0,0.0,0.0,0.0,0.0,0.0,0.0,0.0,0.0,0.0,0.0,0.0,11.0
2020-06-11,170.0,103212800.0,0.0,0.0,0.00396825396825395,0.00595238095238095,0.00198412698412695,0.00198412698412695,0.0,0.0,0.0,0.0,0.0,23.5
